{
  "name": "AccessControlLog",
  "base": "PersistedModel",
  "idInjection": true,
  "options": {
    "mysql": {
      "table": "acs_log"
    }
  },
  "properties": {
    "time": {
      "type": "date",
      "required": true,
      "mysql": {
        "columnName": "acs_time",
        "dataType": "DATETIME"
      }
    },
    "username": {
      "type": "string",
      "mysql": {
        "columnName": "acs_username",
        "dataType": "VARCHAR"
      }
    },
    "reader": {
      "type": "string",
      "mysql": {
        "columnName": "acs_reader",
        "dataType": "VARCHAR"
      }
    },
    "event": {
      "type": "string",
      "mysql": {
        "columnName": "acs_event",
        "dataType": "VARCHAR"
      }
    }
  },
  "validations": [],
  "relations": {},
  "acls": [],
  "methods": []
}
