{
  "name": "Action",
  "base": "PersistedModel",
  "idInjection": true,
  "options": {
    "mysql": {
      "table": "actions"
    }
  },
  "properties": {
    "name": {
      "type": "string",
      "required": true
    },
    "type": {
      "type": "string",
      "required": true
    },
    "content": {
      "type": "string"
    },
    "options": {
      "type": "object"
    },
    "status": {
      "type": "string",
      "required": true
    },
    "createdAt": {
      "type": "date"
    }
  },
  "validations": [],
  "relations": {},
  "acls": [],
  "methods": []
}
