{
  "name": "Activity",
  "plural": "Activities",
  "base": "PersistedModel",
  "idInjection": true,
  "options": {
    "mysql": {
      "table": "activity"
    }
  },
  "properties": {
    "activityCode": {
      "type": "string",
      "required": true
    },
    "detail": {
      "type": "object",
      "required": true
    },
    "status": {
      "type": "string",
      "required": true
    },
    "options": {
      "type": "object"
    }
  },
  "validations": [],
  "relations": {
    "user": {
      "type": "belongsTo",
      "model": "CMASUser",
      "foreignKey": "activityCode"
    }
  },
  "acls": [],
  "methods": []
}
