{
  "name": "AlarmWatcher",
  "base": "PersistedModel",
  "idInjection": true,
  "options": {
    "mysql": {
      "table": "alarm_watcher"
    }
  },
  "properties": {
    "id": {
      "type": "number",
      "required": true
    },
    "channelID": {
      "type": "number",
      "required": true
    },
    "enable": {
      "type": "boolean"
    },
    "status": {
      "type": "string",
      "default": "inactive"
    },
    "type": {
      "type": "string",
      "required": true
    },
    "alarmCondition": {
      "type": "string",
      "required": true
    },
    "alarmThreshold": {
      "type": "number",
      "required": true
    },
    "resetCondition": {
      "type": "string",
      "required": true
    },
    "resetThreshold": {
      "type": "number",
      "required": true
    },
    "notificationMethod": {
      "type": "object"
    },
    "alarmAt": {
      "type": "date"
    },
    "resetAt": {
      "type": "date"
    },
    "lastEscalationAt": {
      "type": "date"
    },
    "lastUpdated": {
      "type": "date"
    },
    "acknowledgeAt": {
      "type": "date"
    },
    "escalationProfileID": {
      "type": "number",
      "required": true
    },
    "msg": {
      "type": "object"
    }
  },
  "validations": [],
  "relations": {
    "alarmLogs": {
      "type": "hasMany",
      "model": "AlarmLog",
      "foreignKey": "alarmWatcherId"
    },
    "channel": {
      "type": "belongsTo",
      "model": "Channel",
      "foreignKey": "channelID"
    },
    "escalationProfile": {
      "type": "belongsTo",
      "model": "EscalationProfile",
      "foreignKey": "escalationProfileID"
    }
  },
  "acls": [
    {
      "accessType": "WRITE",
      "principalType": "ROLE",
      "principalId": "$everyone",
      "permission": "DENY",
      "property": "status"
    }
  ],
  "methods": []
}
