{
  "name": "AlarmLog",
  "base": "PersistedModel",
  "idInjection": true,
  "options": {
    "mysql": {
      "table": "alarm_log"
    }
  },
  "properties": {
    "alarmWatcherId": {
      "type": "number",
      "required": true
    },
    "alarmAt": {
      "type": "date",
      "required": true
    },
    "resetAt": {
      "type": "date",
      "required": true
    },
    "acknowledgeAt": {
      "type": "date",
      "required": true
    },
    "acknowledgeBy": {
      "type": "string"
    }
  },
  "validations": [],
  "relations": {
    "alarmWatcher": {
      "type": "belongsTo",
      "model": "AlarmWatcher",
      "foreignKey": "alarmWatcherId"
    }
  },
  "acls": [],
  "methods": []
}
