{
  "name": "CMASUser",
  "base": "User",
  "idInjection": true,
  "options": {
    "mysql": {
      "table": "user"
    }
  },
  "properties": {
    "setting": {
      "type": "object"
    },
    "activityCode": {
      "type": "string"
    },
    "group": {
      "type": "string"
    }
  },
  "validations": [],
  "relations": {
    "activity": {
      "type": "hasOne",
      "model": "Activity",
      "foreignKey": "activityCode"
    }
  },
  "acls": [],
  "methods": []
}
