{
  "name": "Channel",
  "base": "PersistedModel",
  "idInjection": true,
  "options": {
    "idInjection": true,
    "mysql": {
      "table": "channel_definition"
    }
  },
  "properties": {
    "name": {
      "type": "string",
      "required": true
    },
    "description": {
      "type": "string"
    },
    "historyInterval": {
      "type": "number",
      "required": true
    },
    "type": {
      "type": "string"
    },
    "unit": {
      "type": "string"
    },
    "displayName": {
      "type": "string"
    },
    "controllable": {
      "type": "boolean",
      "default": false
    },
    "updatedAt": {
      "type": "date"
    },
    "createdAt": {
      "type": "date"
    }
  },
  "validations": [],
  "relations": {
    "unit": {
      "type": "belongsTo",
      "model": "Unit",
      "foreignKey": "unitID"
    },
    "alarmWatcher": {
      "type": "hasMany",
      "model": "AlarmWatcher",
      "foreignKey": "channelID"
    },
    "histories": {
      "type": "hasMany",
      "model": "ChannelHistory",
      "foreignKey": "channel_definition_id"
    },
    "channelData": {
      "type": "hasOne",
      "model": "ChannelData",
      "foreignKey": "channel_definition_id"
    },
    "channelBuffers": {
      "type": "hasMany",
      "model": "ChannelBuffer",
      "foreignKey": "channel_definition_id"
    },
    "channelIssueSnapshot": {
      "type": "hasMany",
      "model": "ChannelIssueSnapshot",
      "foreignKey": "channel_definition_id"
    }
  },
  "acls": [],
  "methods": []
}
