{
  "name": "ChannelData",
  "base": "PersistedModel",
  "idInjection": true,
  "options": {
    "mysql": {
      "table": "channel_data"
    }
  },
  "properties": {
    "channelName": {
      "type": "string",
      "required": true
    },
    "value": {
      "type": "number"
    },
    "createdAt": {
      "type": "date",
      "required": true
    },
    "updatedAt": {
      "type": "date",
      "required": true
    },
    "controllable": {
      "type": "boolean",
      "required": true,
      "default": false
    }
  },
  "validations": [],
  "relations": {
    "channel": {
      "type": "belongsTo",
      "model": "Channel",
      "foreignKey": "channel_definition_id"
    }
  },
  "acls": [],
  "methods": []
}
