{
  "name": "ChannelHistory",
  "base": "PersistedModel",
  "strict": false,
  "idInjection": true,
  "options": {
    "mysql": {
      "table": "channel_history"
    }
  },
  "properties": {
    "value": {
      "type": "number",
      "required": true
    },
    "updatedAt": {
      "type": "date",
      "required": true
    },
    "createdAt": {
      "type": "date",
      "required": true
    },
    "numberOfSample": {
      "type": "number",
      "mysql": {
        "columnName": "number_of_sample",
        "dataType": "INT",
        "dataLength": 11
      }
    }
  },
  "validations": [],
  "relations": {
    "channel": {
      "type": "belongsTo",
      "model": "Channel",
      "foreignKey": "channel_definition_id"
    }
  },
  "acls": [],
  "methods": []
}
