{
    "name": "CMASRole",
    "base": "Role",
    "idInjection": true,
    "options": {
        "mysql": {
            "table": "role"
        }
    },
    "properties": {
        "name": {
            "type": "string",
            "required": true
        },
        "parentRoleID": {
            "type": "number"
        }
    },
    "validations": [],
    "relations": {
        "permissions": {
            "type": "hasMany",
            "model": "Permission",
            "foreignKey": "roleID",
            "through": "RolePermissionMapper"
        },
        "parentRole": {
            "type": "hasOne",
            "model": "CMASRole",
            "foreignKey": "parentRoleID"
        },
        "childrenRoles": {
            "type": "hasMany",
            "model": "CMASRole",
            "foreignKey": "parentRoleID"
        }
    },
    "acls": [],
    "methods": []
}
