{
  "name": "Controllable",
  "base": "PersistedModel",
  "idInjection": true,
  "options": {
    "idInjection": true,
    "mysql": {
      "table": "controllable"
    }
  },
  "properties": {
    "channelName": {
      "type": "string",
      "required": true
    },
    "value": {
      "type": "number"
    },
    "status": {
      "type": "string"
    },
    "channel_definition_id": {
      "type": "string"
    }
  },
  "validations": [],
  "relations": {},
  "acls": [],
  "methods": []
}
