{
  "name": "EscalationProfile",
  "base": "PersistedModel",
  "idInjection": true,
  "options": {
    "mysql": {
      "table": "escalation_profile"
    }
  },
  "properties": {
    "name": {
      "type": "string",
      "required": true
    },
    "displayName": {
      "type": "string",
      "required": true
    },
    "status": {
      "type": "string",
      "required": true
    },
    "configuration": {
      "type": "object"
    },
    "isReadOnly": {
      "type": "boolean",
      "required": true
    }
  },
  "validations": [],
  "relations": {
    "alarmWatchers": {
      "type": "hasMany",
      "model": "AlarmWatcher",
      "foreignKey": "escalationProfileID"
    }
  },
  "acls": [],
  "methods": []
}
