{
  "name": "Location",
  "base": "PersistedModel",
  "idInjection": true,
  "options": {
    "idInjection": true,
    "mysql": {
      "table": "location"
    }
  },
  "properties": {
    "code": {
      "type": "string",
      "required": true
    },
    "type": {
      "type": "string",
      "required": true
    },
    "name": {
      "type": "string",
      "required": true
    },
    "description": {
      "type": "string"
    },
    "logo": {
      "type": "string"
    },
    "images": {
      "type": "string"
    },
    "order": {
      "type": "number"
    },
    "parentID": {
      "type": "number"
    },
    "unitParentID": {
      "type": "number"
    }
  },
  "validations": [],
  "relations": {
    "parent": {
      "type": "belongsTo",
      "model": "Location",
      "foreignKey": "parentID"
    },
    "children": {
      "type": "hasMany",
      "model": "Location",
      "foreignKey": "parentID"
    },
    "units": {
      "type": "hasMany",
      "model": "Unit",
      "foreignKey": "parentID"
    }
  },
  "acls": [],
  "methods": []
}
