{
    "name": "Messages",
    "base": "PersistedModel",
    "idInjection": true,
    "options": {
        "idInjection": true,
        "mysql": {
            "table": "messages"
        }
    },
    "properties": {
        "type": {
            "type": "string",
            "required": true
        },
        "target": {
            "type": "string",
            "required": true
        },
        "content": {
            "type": "string"
        },
        "status": {
            "type": "boolean"
        },
        "createdAt": {
            "type": "date"
        }
    },
    "validations": [],
    "relations": {},
    "acls": [],
    "methods": []
}
