{
  "name": "Permission",
  "base": "PersistedModel",
  "idInjection": true,
  "options": {
    "mysql": {
      "table": "permission"
    }
  },
  "properties": {
    "name": {
      "type": "string",
      "required": true
    },
    "status": {
      "type": "string"
    }
  },
  "validations": [],
  "relations": {
    "roles": {
      "type": "hasMany",
      "model": "CMASRole",
      "foreignKey": "permissionID",
      "through": "RolePermissionMapper"
    }
  },
  "acls": [],
  "methods": []
}
