{
  "name": "Unit",
  "base": "PersistedModel",
  "idInjection": true,
  "options": {
    "mysql": {
      "table": "unit"
    }
  },
  "properties": {
    "code": {
      "type": "string",
      "required": true
    },
    "name": {
      "type": "string",
      "required": true
    },
    "description": {
      "type": "string"
    },
    "type": {
      "type": "string"
    },
    "parentID": {
      "type": "number",
      "required": true
    },
    "unitParentID": {
      "type": "number"
    }
  },
  "validations": [],
  "relations": {
    "channels": {
      "type": "hasMany",
      "model": "Channel",
      "foreignKey": "unitID"
    },
    "location": {
      "type": "belongsTo",
      "model": "Location",
      "foreignKey": "parentID"
    },
    "unitParent": {
      "type": "belongsTo",
      "model": "Unit",
      "foreignKey": "unitParentID"
    },
    "componentChildren": {
      "type": "hasMany",
      "model": "Unit",
      "foreignKey": "unitParentID"
    }
  },
  "acls": [],
  "methods": []
}
