{
  "apps": [
    {
      "name": "Log-History-Service",
      "script": "bin/log-history.js",
      "node_args": ["--expose-gc"],
      "watch": true,
      "env": {
        "COMMON_VARIABLE": "true"
      },
      "env_production": {
        "NODE_ENV": "production"
      }
    },
    {
      "name": "WEB-Services",
      "script": "server/server.js",
      "merge_logs": true,
      "error_file": "./logs/child-err.log",
      "out_file": "./logs/child-out.log",
      "pid_file": "./logs/child.pid",
      "env": {
        "NODE_ENV": "production"
      }
    }
  ]
}