Name,Device,Device Number,I/O Type,Channel,Timing,Offset,Conversion,History,Persist,Average,Average Count,QNote,History Interval,Broadcast,Broadcast Interval,Group,DAQConnect,DAQConnect History,,,type,displayName,unit,unitID,description,controllable
DBIT_MainCb1,MOXA,1,Read Holding S16 (3),1,0,0,None,3600,0,0,, ,0,1,1,1,IO,0,-1,-1,Digital,DB-IT: Main A CB,,17,DB-IT: Main A CB,0
DBIT_MainCb2,MOXA,1,Read Holding S16 (3),2,0,0,None,3600,0,0,, ,0,1,1,1,IO,0,-1,-1,Digital,DB-IT: Main B CB,,17,DB-IT: Main B CB,0
DBIT_SpdCB,MOXA,1,Read Holding S16 (3),3,0,0,None,3600,0,0,, ,0,1,1,1,IO,0,-1,-1,Digital,DB-IT: Spd Cb,,17,DB-IT: Spd Cb,0
DBIT_MbsCb,MOXA,1,Read Holding S16 (3),4,0,0,None,3600,0,0,, ,0,1,1,1,IO,0,-1,-1,Digital,DB-IT:Mbs Cb,,17,DB-IT:Mbs Cb,0
DBIT_Coupler,MOXA,1,Read Holding S16 (3),5,0,0,None,3600,0,0,, ,0,1,1,1,IO,0,-1,-1,Digital,DB-IT: Coupler,,17,DB-IT: Coupler,0
PDU_MbsCb,MOXA,1,Read Holding S16 (3),6,0,0,None,3600,0,0,, ,0,1,1,1,IO,0,-1,-1,Digital,PDU: Msb Cb,,21,PDU: Msb Cb,0
PDU_Coupler,MOXA,1,Read Holding S16 (3),7,0,0,None,3600,0,0,, ,0,1,1,1,IO,0,-1,-1,Digital,PDU: Coupler,,21,PDU: Coupler,0
AC_ServerSts1,MOXA,1,Read Holding S16 (3),8,0,0,None,3600,0,0,, ,0,1,1,1,IO,0,-1,-1,Analogue,AC_ServerSts1,,11,AC_ServerSts1,0
AC_ServerSts2,MOXA,2,Read Holding S16 (3),1,0,0,None,3600,0,0,, ,0,1,1,1,IO,0,-1,-1,Analogue,AC_ServerSts2,,12,AC_ServerSts2,0
DBIT_PhaseTripA,MOXA,2,Read Holding S16 (3),2,0,0,None,3600,0,0,, ,0,1,1,1,IO,0,-1,-1,Digital,DBIT: Phase Trip A,,17,DBIT: Phase Trip A,0
AC_ServerSts3,MOXA,2,Read Holding S16 (3),3,0,0,None,3600,0,0,, ,0,1,1,1,IO,0,-1,-1,Analogue,AC_ServerSts3,,13,AC_ServerSts3,0
FM200_ServerFire,MOXA,2,Read Holding S16 (3),4,0,0,None,3600,0,0,, ,0,1,1,1,IO,0,-1,-1,Digital,FM200: Server rm. Fire,,16,FM200: Server rm. Fire,0
FM200_ServerTrouble,MOXA,2,Read Holding S16 (3),5,0,0,None,3600,0,0,, ,0,1,1,1,IO,0,-1,-1,Digital,FM200: Server rm. Trouble,,16,FM200: Server rm. Trouble,0
LLD_Leak,MOXA,2,Read Holding S16 (3),6,0,0,None,3600,0,0,, ,0,1,1,1,IO,0,-1,-1,Digital,Environment: Leak detection,,15,Environment: Leak detection,0
ALARM_Mute,MOXA,2,Read Holding S16 (3),7,0,0,None,3600,0,0,, ,0,1,1,1,IO,0,-1,-1,Analogue,ALARM_Mute,,0,ALARM_Mute,0
DBIT_PhaseTripB,MOXA,2,Read Holding S16 (3),8,0,0,None,3600,0,0,, ,0,1,1,1,IO,0,-1,-1,Digital,DBIT: Phase Trip B,,17,DBIT: Phase Trip B,0
ENV_ServerTemp1,MOXA,4,Read Holding U16 (3),1,0,0,DIV10,3600,0,0,, ,0,1,1,1,IO,0,-1,-1,Analogue,Environment: Temperature,oC,14,Environment: Temperature,0
ENV_ServerHum1,MOXA,4,Read Holding U16 (3),3,0,0,DIV10,3600,0,0,, ,0,1,1,1,IO,0,-1,-1,Analogue,Environment: Humidity,%RH,14,Environment: Humidity,0
DPMA_kW,MOXA,5,Read Holding U16 (3),4005,0,0,DIV100,3600,0,0,, ,0,1,1,1,DPMA,0,-1,-1,Analogue,DB-IT: SA Real power,kW,17,DB-IT: SA Real power,0
DPMA_kVA,MOXA,5,Read Holding U16 (3),4006,0,0,DIV100,3600,0,0,, ,0,1,1,1,DPMA,0,-1,-1,Analogue,DB-IT: SA Apparent power,A,17,DB-IT: SA Apparent power,0
DPMA_pf,MOXA,5,Read Holding U16 (3),4007,0,0,None,3600,0,0,, ,0,1,1,1,DPMA,0,-1,-1,Analogue,DB-IT: SA Power factor,,17,DB-IT: SA Power factor,0
DPMA_F,MOXA,5,Read Holding U16 (3),4012,0,0,DIV100,3600,0,0,, ,0,1,1,1,DPMA,0,-1,-1,Analogue,DB-IT: SA Frequency,Hz,17,DB-IT: SA Frequency,0
DPMA_I1,MOXA,5,Read Holding U16 (3),4019,0,0,DIV100,3600,0,0,, ,0,1,1,1,DPMA,0,-1,-1,Analogue,DB-IT: SA P1 Ampere,A,17,DB-IT: SA P1 Ampere,0
DPMA_I2,MOXA,5,Read Holding U16 (3),4020,0,0,DIV100,3600,0,0,, ,0,1,1,1,DPMA,0,-1,-1,Analogue,DB-IT: SA P2 Ampere,A,17,DB-IT: SA P2 Ampere,0
DPMA_I3,MOXA,5,Read Holding U16 (3),4021,0,0,DIV100,3600,0,0,, ,0,1,1,1,DPMA,0,-1,-1,Analogue,DB-IT: SA P3 Ampere,A,17,DB-IT: SA P3 Ampere,0
DPMA_In,MOXA,5,Read Holding U16 (3),4022,0,0,DIV100,3600,0,0,, ,0,1,1,1,DPMA,0,-1,-1,Analogue,DB-IT: SA In,,17,DB-IT: SA In,0
DPMA_V12,MOXA,5,Read Holding U16 (3),4029,0,0,DIV10,3600,0,0,, ,0,1,1,1,DPMA,0,-1,-1,Analogue,DB-IT: SA P12 Volt,V,17,DB-IT: SA P12 Volt,0
DPMA_V23,MOXA,5,Read Holding U16 (3),4030,0,0,DIV10,3600,0,0,, ,0,1,1,1,DPMA,0,-1,-1,Analogue,DB-IT: SA P23 Volt,V,17,DB-IT: SA P23 Volt,0
DPMA_V31,MOXA,5,Read Holding U16 (3),4031,0,0,DIV10,3600,0,0,, ,0,1,1,1,DPMA,0,-1,-1,Analogue,DB-IT: SA P31 Volt,V,17,DB-IT: SA P31 Volt,0
DPMA_V1,MOXA,5,Read Holding U16 (3),4032,0,0,DIV10,3600,0,0,, ,0,1,1,1,DPMA,0,-1,-1,Analogue,DB-IT: SA P1 Volt,V,17,DB-IT: SA P1 Volt,0
DPMA_V2,MOXA,5,Read Holding U16 (3),4033,0,0,DIV10,3600,0,0,, ,0,1,1,1,DPMA,0,-1,-1,Analogue,DB-IT: SA P2 Volt,V,17,DB-IT: SA P2 Volt,0
DPMA_V3,MOXA,5,Read Holding U16 (3),4034,0,0,DIV10,3600,0,0,, ,0,1,1,1,DPMA,0,-1,-1,Analogue,DB-IT: SA P3 Volt,V,17,DB-IT: SA P3 Volt,0
DPMA_kW1,MOXA,5,Read Holding U16 (3),4035,0,0,DIV100,3600,0,0,, ,0,1,1,1,DPMA,0,-1,-1,Analogue,DB-IT: SA P1 power,kW,17,DB-IT: SA P1 power,0
DPMA_kW2,MOXA,5,Read Holding U16 (3),4036,0,0,DIV100,3600,0,0,, ,0,1,1,1,DPMA,0,-1,-1,Analogue,DB-IT: SA P2 power,kW,17,DB-IT: SA P2 power,0
DPMA_kW3,MOXA,5,Read Holding U16 (3),4037,0,0,DIV100,3600,0,0,, ,0,1,1,1,DPMA,0,-1,-1,Analogue,DB-IT: SA P3 power,kW,17,DB-IT: SA P3 power,0
DPMA_kVA1,MOXA,5,Read Holding U16 (3),4038,0,0,DIV100,3600,0,0,, ,0,1,1,1,DPMA,0,-1,-1,Analogue,DB-IT: SA P1 apparent power,kVA,17,DB-IT: SA P1 apparent power,0
DPMA_kVA2,MOXA,5,Read Holding U16 (3),4039,0,0,DIV100,3600,0,0,, ,0,1,1,1,DPMA,0,-1,-1,Analogue,DB-IT: SA P2 apparent power,kVA,17,DB-IT: SA P2 apparent power,0
DPMA_kVA3,MOXA,5,Read Holding U16 (3),4040,0,0,DIV100,3600,0,0,, ,0,1,1,1,DPMA,0,-1,-1,Analogue,DB-IT: SA P3 apparent power,kVA,17,DB-IT: SA P3 apparent power,0
DPMA_THD_I1,MOXA,5,Read Holding U16 (3),4044,0,0,DIV100,3600,0,0,, ,0,1,1,1,DPMA,0,-1,-1,Analogue,DB-IT: SA TDH P1 Ampere,A,17,DB-IT: SA TDH P1 Ampere,0
DPMA_THD_I2,MOXA,5,Read Holding U16 (3),4045,0,0,DIV100,3600,0,0,, ,0,1,1,1,DPMA,0,-1,-1,Analogue,DB-IT: SA TDH P2 Ampere,A,17,DB-IT: SA TDH P2 Ampere,0
DPMA_THD_I3,MOXA,5,Read Holding U16 (3),4046,0,0,DIV100,3600,0,0,, ,0,1,1,1,DPMA,0,-1,-1,Analogue,DB-IT: SA TDH P3 Ampere,A,17,DB-IT: SA TDH P3 Ampere,0
DPMA_THD_V1,MOXA,5,Read Holding U16 (3),4048,0,0,DIV100,3600,0,0,, ,0,1,1,1,DPMA,0,-1,-1,Analogue,DB-IT: SA TDH P1 Volt,V,17,DB-IT: SA TDH P1 Volt,0
DPMA_THD_V2,MOXA,5,Read Holding U16 (3),4049,0,0,DIV100,3600,0,0,, ,0,1,1,1,DPMA,0,-1,-1,Analogue,DB-IT: SA TDH P2 Volt,V,17,DB-IT: SA TDH P2 Volt,0
DPMA_THD_V3,MOXA,5,Read Holding U16 (3),4050,0,0,DIV100,3600,0,0,, ,0,1,1,1,DPMA,0,-1,-1,Analogue,DB-IT: SA TDH P3 Volt,V,17,DB-IT: SA TDH P3 Volt,0
DPMA_THD_V12,MOXA,5,Read Holding U16 (3),4051,0,0,DIV100,3600,0,0,, ,0,1,1,1,DPMA,0,-1,-1,Analogue,DB-IT: SA TDH P12 Volt,V,17,DB-IT: SA TDH P12 Volt,0
DPMA_THD_V23,MOXA,5,Read Holding U16 (3),4052,0,0,DIV100,3600,0,0,, ,0,1,1,1,DPMA,0,-1,-1,Analogue,DB-IT: SA TDH P23 Volt,V,17,DB-IT: SA TDH P23 Volt,0
DPMA_THD_V31,MOXA,5,Read Holding U16 (3),4053,0,0,DIV100,3600,0,0,, ,0,1,1,1,DPMA,0,-1,-1,Analogue,DB-IT: SA TDH P31 Volt,V,17,DB-IT: SA TDH P31 Volt,0
DPMA_Hour,MOXA,5,Read Holding U16 (3),4109,0,0,None,3600,0,0,, ,0,1,1,1,DPMA,0,-1,-1,Analogue,DB-IT: SA Usage hour,hr,17,DB-IT: SA Usage hour,0
DPMA_Min,MOXA,5,Read Holding U16 (3),4110,0,0,None,3600,0,0,, ,0,1,1,1,DPMA,0,-1,-1,Analogue,DB-IT: SA Usage minute,min,17,DB-IT: SA Usage minute,0
DPMB_kW,MOXA,6,Read Holding U16 (3),4006,0,0,None,3600,0,0,, ,0,1,1,1,DPMB,0,-1,-1,Analogue,DB-IT: SB Real power,kW,17,DB-IT: SB Real power,0
DPMB_kVA,MOXA,6,Read Holding U16 (3),4007,0,0,None,3600,0,0,, ,0,1,1,1,DPMB,0,-1,-1,Analogue,DB-IT: SB Apparent power,A,17,DB-IT: SB Apparent power,0
DPMB_pf,MOXA,6,Read Holding U16 (3),4009,0,0,None,3600,0,0,, ,0,1,1,1,DPMB,0,-1,-1,Analogue,DB-IT: SB Power factor,,17,DB-IT: SB Power factor,0
DPMB_F,MOXA,6,Read Holding U16 (3),4013,0,0,None,3600,0,0,, ,0,1,1,1,DPMB,0,-1,-1,Analogue,DB-IT: SB Frequency,Hz,17,DB-IT: SB Frequency,0
DPMB_I1,MOXA,6,Read Holding U16 (3),4020,0,0,None,3600,0,0,, ,0,1,1,1,DPMB,0,-1,-1,Analogue,DB-IT: SB P1 Ampere,A,17,DB-IT: SB P1 Ampere,0
DPMB_I2,MOXA,6,Read Holding U16 (3),4021,0,0,None,3600,0,0,, ,0,1,1,1,DPMB,0,-1,-1,Analogue,DB-IT: SB P2 Ampere,A,17,DB-IT: SB P2 Ampere,0
DPMB_I3,MOXA,6,Read Holding U16 (3),4022,0,0,None,3600,0,0,, ,0,1,1,1,DPMB,0,-1,-1,Analogue,DB-IT: SB P3 Ampere,A,17,DB-IT: SB P3 Ampere,0
DPMB_In,MOXA,6,Read Holding U16 (3),4023,0,0,None,3600,0,0,, ,0,1,1,1,DPMB,0,-1,-1,Analogue,DB-IT: SB In,,17,DB-IT: SB In,0
DPMB_V12,MOXA,6,Read Holding U16 (3),4030,0,0,None,3600,0,0,, ,0,1,1,1,DPMB,0,-1,-1,Analogue,DB-IT: SB P12 Volt,V,17,DB-IT: SB P12 Volt,0
DPMB_V23,MOXA,6,Read Holding U16 (3),4031,0,0,None,3600,0,0,, ,0,1,1,1,DPMB,0,-1,-1,Analogue,DB-IT: SB P23 Volt,V,17,DB-IT: SB P23 Volt,0
DPMB_V31,MOXA,6,Read Holding U16 (3),4032,0,0,None,3600,0,0,, ,0,1,1,1,DPMB,0,-1,-1,Analogue,DB-IT: SB P31 Volt,V,17,DB-IT: SB P31 Volt,0
DPMB_V1,MOXA,6,Read Holding U16 (3),4033,0,0,None,3600,0,0,, ,0,1,1,1,DPMB,0,-1,-1,Analogue,DB-IT: SB P1 Volt,V,17,DB-IT: SB P1 Volt,0
DPMB_V2,MOXA,6,Read Holding U16 (3),4034,0,0,None,3600,0,0,, ,0,1,1,1,DPMB,0,-1,-1,Analogue,DB-IT: SB P2 Volt,V,17,DB-IT: SB P2 Volt,0
DPMB_V3,MOXA,6,Read Holding U16 (3),4035,0,0,None,3600,0,0,, ,0,1,1,1,DPMB,0,-1,-1,Analogue,DB-IT: SB P3 Volt,V,17,DB-IT: SB P3 Volt,0
DPMB_kW1,MOXA,6,Read Holding U16 (3),4036,0,0,None,3600,0,0,, ,0,1,1,1,DPMB,0,-1,-1,Analogue,DB-IT: SB P1 power,kW,17,DB-IT: SB P1 power,0
DPMB_kW2,MOXA,6,Read Holding U16 (3),4037,0,0,None,3600,0,0,, ,0,1,1,1,DPMB,0,-1,-1,Analogue,DB-IT: SB P2 power,kW,17,DB-IT: SB P2 power,0
DPMB_kW3,MOXA,6,Read Holding U16 (3),4038,0,0,None,3600,0,0,, ,0,1,1,1,DPMB,0,-1,-1,Analogue,DB-IT: SB P3 power,kW,17,DB-IT: SB P3 power,0
DPMB_kVA1,MOXA,6,Read Holding U16 (3),4039,0,0,None,3600,0,0,, ,0,1,1,1,DPMB,0,-1,-1,Analogue,DB-IT: SB P1 apparent power,kVA,17,DB-IT: SB P1 apparent power,0
DPMB_kVA2,MOXA,6,Read Holding U16 (3),4040,0,0,None,3600,0,0,, ,0,1,1,1,DPMB,0,-1,-1,Analogue,DB-IT: SB P2 apparent power,kVA,17,DB-IT: SB P2 apparent power,0
DPMB_kVA3,MOXA,6,Read Holding U16 (3),4041,0,0,None,3600,0,0,, ,0,1,1,1,DPMB,0,-1,-1,Analogue,DB-IT: SB P3 apparent power,kVA,17,DB-IT: SB P3 apparent power,0
DPMB_THD_I1,MOXA,6,Read Holding U16 (3),4045,0,0,None,3600,0,0,, ,0,1,1,1,DPMB,0,-1,-1,Analogue,DB-IT: SB TDH P1 Ampere,A,17,DB-IT: SB TDH P1 Ampere,0
DPMB_THD_I2,MOXA,6,Read Holding U16 (3),4046,0,0,None,3600,0,0,, ,0,1,1,1,DPMB,0,-1,-1,Analogue,DB-IT: SB TDH P2 Ampere,A,17,DB-IT: SB TDH P2 Ampere,0
DPMB_THD_I3,MOXA,6,Read Holding U16 (3),4047,0,0,None,3600,0,0,, ,0,1,1,1,DPMB,0,-1,-1,Analogue,DB-IT: SB TDH P3 Ampere,A,17,DB-IT: SB TDH P3 Ampere,0
DPMB_THD_V1,MOXA,6,Read Holding U16 (3),4049,0,0,None,3600,0,0,, ,0,1,1,1,DPMB,0,-1,-1,Analogue,DB-IT: SB TDH P1 Volt,V,17,DB-IT: SB TDH P1 Volt,0
DPMB_THD_V2,MOXA,6,Read Holding U16 (3),4050,0,0,None,3600,0,0,, ,0,1,1,1,DPMB,0,-1,-1,Analogue,DB-IT: SB TDH P2 Volt,V,17,DB-IT: SB TDH P2 Volt,0
DPMB_THD_V3,MOXA,6,Read Holding U16 (3),4051,0,0,None,3600,0,0,, ,0,1,1,1,DPMB,0,-1,-1,Analogue,DB-IT: SB TDH P3 Volt,V,17,DB-IT: SB TDH P3 Volt,0
DPMB_THD_V12,MOXA,6,Read Holding U16 (3),4052,0,0,None,3600,0,0,, ,0,1,1,1,DPMB,0,-1,-1,Analogue,DB-IT: SB TDH P12 Volt,V,17,DB-IT: SB TDH P12 Volt,0
DPMB_THD_V23,MOXA,6,Read Holding U16 (3),4053,0,0,None,3600,0,0,, ,0,1,1,1,DPMB,0,-1,-1,Analogue,DB-IT: SB TDH P23 Volt,V,17,DB-IT: SB TDH P23 Volt,0
DPMB_THD_V31,MOXA,6,Read Holding U16 (3),4054,0,0,None,3600,0,0,, ,0,1,1,1,DPMB,0,-1,-1,Analogue,DB-IT: SB TDH P31 Volt,V,17,DB-IT: SB TDH P31 Volt,0
DPMB_Hour,MOXA,6,Read Holding U16 (3),4110,0,0,None,3600,0,0,, ,0,1,1,1,DPMB,0,-1,-1,Analogue,DB-IT: SB Usage hour,hr,17,DB-IT: SB Usage hour,0
DPMB_Min,MOXA,6,Read Holding U16 (3),4111,0,0,None,3600,0,0,, ,0,1,1,1,DPMB,0,-1,-1,Analogue,DB-IT: SB Usage minute,min,17,DB-IT: SB Usage minute,0
DPMAC_kW,MOXA,7,Read Holding U16 (3),4006,0,0,None,3600,0,0,, ,0,1,1,1,DPMAC,0,-1,-1,Analogue,DB-IT: AC Real power,kW,17,DB-IT: AC Real power,0
DPMAC_kVA,MOXA,7,Read Holding U16 (3),4007,0,0,None,3600,0,0,, ,0,1,1,1,DPMAC,0,-1,-1,Analogue,DB-IT: AC Apparent power,A,17,DB-IT: AC Apparent power,0
DPMAC_pf,MOXA,7,Read Holding U16 (3),4009,0,0,None,3600,0,0,, ,0,1,1,1,DPMAC,0,-1,-1,Analogue,DB-IT: AC Power factor,,17,DB-IT: AC Power factor,0
DPMAC_F,MOXA,7,Read Holding U16 (3),4013,0,0,None,3600,0,0,, ,0,1,1,1,DPMAC,0,-1,-1,Analogue,DB-IT: AC Frequency,Hz,17,DB-IT: AC Frequency,0
DPMAC_I1,MOXA,7,Read Holding U16 (3),4020,0,0,None,3600,0,0,, ,0,1,1,1,DPMAC,0,-1,-1,Analogue,DB-IT: AC 1 Ampere,A,17,DB-IT: AC 1 Ampere,0
DPMAC_I2,MOXA,7,Read Holding U16 (3),4021,0,0,None,3600,0,0,, ,0,1,1,1,DPMAC,0,-1,-1,Analogue,DB-IT: AC 2 Ampere,A,17,DB-IT: AC 2 Ampere,0
DPMAC_I3,MOXA,7,Read Holding U16 (3),4022,0,0,None,3600,0,0,, ,0,1,1,1,DPMAC,0,-1,-1,Analogue,DB-IT: AC 3 Ampere,A,17,DB-IT: AC 3 Ampere,0
DPMAC_In,MOXA,7,Read Holding U16 (3),4023,0,0,None,3600,0,0,, ,0,1,1,1,DPMAC,0,-1,-1,Analogue,DB-IT: AC In,,17,DB-IT: AC In,0
DPMAC_V12,MOXA,7,Read Holding U16 (3),4030,0,0,None,3600,0,0,, ,0,1,1,1,DPMAC,0,-1,-1,Analogue,DB-IT: AC P12 Volt,V,17,DB-IT: AC P12 Volt,0
DPMAC_V23,MOXA,7,Read Holding U16 (3),4031,0,0,None,3600,0,0,, ,0,1,1,1,DPMAC,0,-1,-1,Analogue,DB-IT: AC P23 Volt,V,17,DB-IT: AC P23 Volt,0
DPMAC_V31,MOXA,7,Read Holding U16 (3),4032,0,0,None,3600,0,0,, ,0,1,1,1,DPMAC,0,-1,-1,Analogue,DB-IT: AC P31 Volt,V,17,DB-IT: AC P31 Volt,0
DPMAC_V1,MOXA,7,Read Holding U16 (3),4033,0,0,None,3600,0,0,, ,0,1,1,1,DPMAC,0,-1,-1,Analogue,DB-IT: AC P1 Volt,V,17,DB-IT: AC P1 Volt,0
DPMAC_V2,MOXA,7,Read Holding U16 (3),4034,0,0,None,3600,0,0,, ,0,1,1,1,DPMAC,0,-1,-1,Analogue,DB-IT: AC P2 Volt,V,17,DB-IT: AC P2 Volt,0
DPMAC_V3,MOXA,7,Read Holding U16 (3),4035,0,0,None,3600,0,0,, ,0,1,1,1,DPMAC,0,-1,-1,Analogue,DB-IT: AC P3 Volt,V,17,DB-IT: AC P3 Volt,0
DPMAC_kW1,MOXA,7,Read Holding U16 (3),4036,0,0,None,3600,0,0,, ,0,1,1,1,DPMAC,0,-1,-1,Analogue,DB-IT: AC P1 power,kW,17,DB-IT: AC P1 power,0
DPMAC_kW2,MOXA,7,Read Holding U16 (3),4037,0,0,None,3600,0,0,, ,0,1,1,1,DPMAC,0,-1,-1,Analogue,DB-IT: AC P2 power,kW,17,DB-IT: AC P2 power,0
DPMAC_kW3,MOXA,7,Read Holding U16 (3),4038,0,0,None,3600,0,0,, ,0,1,1,1,DPMAC,0,-1,-1,Analogue,DB-IT: AC P3 power,kW,17,DB-IT: AC P3 power,0
DPMAC_kVA1,MOXA,7,Read Holding U16 (3),4039,0,0,None,3600,0,0,, ,0,1,1,1,DPMAC,0,-1,-1,Analogue,DB-IT: AC P1 apparent power,kVA,17,DB-IT: AC P1 apparent power,0
DPMAC_kVA2,MOXA,7,Read Holding U16 (3),4040,0,0,None,3600,0,0,, ,0,1,1,1,DPMAC,0,-1,-1,Analogue,DB-IT: AC P2 apparent power,kVA,17,DB-IT: AC P2 apparent power,0
DPMAC_kVA3,MOXA,7,Read Holding U16 (3),4041,0,0,None,3600,0,0,, ,0,1,1,1,DPMAC,0,-1,-1,Analogue,DB-IT: AC P3 apparent power,kVA,17,DB-IT: AC P3 apparent power,0
DPMAC_THD_I1,MOXA,7,Read Holding U16 (3),4045,0,0,None,3600,0,0,, ,0,1,1,1,DPMAC,0,-1,-1,Analogue,DB-IT: AC TDH P1 Ampere,A,17,DB-IT: AC TDH P1 Ampere,0
DPMAC_THD_I2,MOXA,7,Read Holding U16 (3),4046,0,0,None,3600,0,0,, ,0,1,1,1,DPMAC,0,-1,-1,Analogue,DB-IT: AC TDH P2 Ampere,A,17,DB-IT: AC TDH P2 Ampere,0
DPMAC_THD_I3,MOXA,7,Read Holding U16 (3),4047,0,0,None,3600,0,0,, ,0,1,1,1,DPMAC,0,-1,-1,Analogue,DB-IT: AC TDH P3 Ampere,A,17,DB-IT: AC TDH P3 Ampere,0
DPMAC_THD_V1,MOXA,7,Read Holding U16 (3),4049,0,0,None,3600,0,0,, ,0,1,1,1,DPMAC,0,-1,-1,Analogue,DB-IT: AC TDH P1 Volt,V,17,DB-IT: AC TDH P1 Volt,0
DPMAC_THD_V2,MOXA,7,Read Holding U16 (3),4050,0,0,None,3600,0,0,, ,0,1,1,1,DPMAC,0,-1,-1,Analogue,DB-IT: AC TDH P2 Volt,V,17,DB-IT: AC TDH P2 Volt,0
DPMAC_THD_V3,MOXA,7,Read Holding U16 (3),4051,0,0,None,3600,0,0,, ,0,1,1,1,DPMAC,0,-1,-1,Analogue,DB-IT: AC TDH P3 Volt,V,17,DB-IT: AC TDH P3 Volt,0
DPMAC_THD_V12,MOXA,7,Read Holding U16 (3),4052,0,0,None,3600,0,0,, ,0,1,1,1,DPMAC,0,-1,-1,Analogue,DB-IT: AC TDH P12 Volt,V,17,DB-IT: AC TDH P12 Volt,0
DPMAC_THD_V23,MOXA,7,Read Holding U16 (3),4053,0,0,None,3600,0,0,, ,0,1,1,1,DPMAC,0,-1,-1,Analogue,DB-IT: AC TDH P23 Volt,V,17,DB-IT: AC TDH P23 Volt,0
DPMAC_THD_V31,MOXA,7,Read Holding U16 (3),4054,0,0,None,3600,0,0,, ,0,1,1,1,DPMAC,0,-1,-1,Analogue,DB-IT: AC TDH P31 Volt,V,17,DB-IT: AC TDH P31 Volt,0
DPMAC_Hour,MOXA,7,Read Holding U16 (3),4110,0,0,None,3600,0,0,, ,0,1,1,1,DPMAC,0,-1,-1,Analogue,DB-IT: AC Usage hour,hr,17,DB-IT: AC Usage hour,0
DPMAC_Min,MOXA,7,Read Holding U16 (3),4111,0,0,None,3600,0,0,, ,0,1,1,1,DPMAC,0,-1,-1,Analogue,DB-IT: AC Usage minute,min,17,DB-IT: AC Usage minute,0
DPMA_kWh,MOXA,5,Read Holding U32 (3),999,0,0,None,3600,0,0,, ,0,1,1,1,DPMA,0,-1,-1,Analogue,DB-IT: SA Energy,kWh,17,DB-IT: SA Energy,0
DPMB_kWh,MOXA,6,Read Holding U32 (3),4000,0,0,None,3600,0,0,, ,0,1,1,1,DPMB,0,-1,-1,Analogue,DB-IT: SB Energy,kWh,17,DB-IT: SB Energy,0
DPMAC_kWh,MOXA,7,Read Holding U32 (3),4000,0,0,None,3600,0,0,, ,0,1,1,1,DPMAC,0,-1,-1,Analogue,DB-IT: AC Energy,kWh,17,DB-IT: AC Energy,0
AC_ServerCtrl1,MOXA,3,Set Register S/U16 (6),1,0,0,None,3600,0,0,, ,0,1,1,1,DO,0,-1,-1,Digital,Air-cond: Server rm. AC-1,,11,Air-cond: Server rm. AC-1,0
AC_ServerCtrl2,MOXA,3,Set Register S/U16 (6),2,0,0,None,3600,0,0,, ,0,1,1,1,DO,0,-1,-1,Digital,Air-cond: Server rm. AC-2,,12,Air-cond: Server rm. AC-2,0
AC_ServerCtrl3,MOXA,3,Set Register S/U16 (6),3,0,0,None,3600,0,0,, ,0,1,1,1,DO,0,-1,-1,Digital,Air-cond: Server rm. AC-3,,13,Air-cond: Server rm. AC-3,0
ALARM_Bell,MOXA,3,Set Register S/U16 (6),4,0,0,None,3600,0,0,, ,0,1,1,1,DO,0,-1,-1,Analogue,ALARM Bell,,0,ALARM Bell,0
DBIT_IrA,MOXA,3,Set Register S/U16 (6),5,0,0,None,3600,0,0,, ,0,1,1,1,DO,0,-1,-1,Digital,DB-IT: Earth Fault A,,17,DB-IT: Earth Fault A,0
DBIT_IrB,MOXA,3,Set Register S/U16 (6),6,0,0,None,3600,0,0,, ,0,1,1,1,DO,0,-1,-1,Digital,DB-IT: Earth Fault A,,17,DB-IT: Earth Fault A,0
UPS1_Trouble,MOXA,3,Set Register S/U16 (6),7,0,0,None,3600,0,0,, ,0,1,1,1,DO,0,-1,-1,Digital,UPS1: Trouble,,8,UPS1: Trouble,0
UPS2_Trouble,MOXA,3,Set Register S/U16 (6),8,0,0,None,3600,0,0,, ,0,1,1,1,DO,0,-1,-1,Digital,UPS2: Trouble,,9,UPS2: Trouble,0
UPS1_UnitName,OPC,0,Synchronous Read,0,0,0,None,3600,0,0,,;{B3AF0BF6-4C0C-4804-A122-6F3B160F4397};SNMP.UPS1.PowerNet-MIB.upsBasicIdentName,0,1,1,1,UPS1,0,-1,-1,Analogue,UPS1: Name,,0,UPS1: Name,0
UPS1_UnitModel,OPC,0,Synchronous Read,1,0,0,None,3600,0,0,,;{B3AF0BF6-4C0C-4804-A122-6F3B160F4397};SNMP.UPS1.PowerNet-MIB.upsBasicIdentModel,0,1,1,1,UPS1,0,-1,-1,Analogue,UPS1: Model,,0,UPS1: Model,0
UPS1_UnitCapacity,OPC,0,Synchronous Read,2,0,0,None,3600,0,0,, ,0,1,1,1,UPS1,0,-1,-1,Analogue,UPS1: Capacity,,8,UPS1: Capacity,0
UPS1_UnitStatus,OPC,0,Synchronous Read,3,3,0,None,3600,0,0,,;{B3AF0BF6-4C0C-4804-A122-6F3B160F4397};SNMP.UPS1.PowerNet-MIB.upsBasicOutputStatus,0,1,1,1,UPS1,0,-1,-1,Analogue,UPS1: Status,,8,UPS1: Status,0
UPS1_V12in,OPC,0,Synchronous Read,4,0,0,None,3600,0,0,, ,0,1,1,1,UPS1,0,-1,-1,Analogue,UPS1: Input P12 Volt,V,8,UPS1: Input P12 Volt,0
UPS1_V23in,OPC,0,Synchronous Read,5,0,0,None,3600,0,0,, ,0,1,1,1,UPS1,0,-1,-1,Analogue,UPS1: Input P23 Volt,V,8,UPS1: Input P23 Volt,0
UPS1_V31in,OPC,0,Synchronous Read,6,0,0,None,3600,0,0,, ,0,1,1,1,UPS1,0,-1,-1,Analogue,UPS1: Input P31 Volt,V,8,UPS1: Input P31 Volt,0
UPS1_V1in,OPC,0,Synchronous Read,7,3,0,None,3600,0,0,,;{B3AF0BF6-4C0C-4804-A122-6F3B160F4397};SNMP.UPS1.PowerNet-MIB.upsPhaseInputVoltage11,0,1,1,1,UPS1,0,-1,-1,Analogue,UPS1: Input P1 Volt,V,8,UPS1: Input P1 Volt,0
UPS1_V2in,OPC,0,Synchronous Read,8,3,0,None,3600,0,0,,;{B3AF0BF6-4C0C-4804-A122-6F3B160F4397};SNMP.UPS1.PowerNet-MIB.upsPhaseInputVoltage12,0,1,1,1,UPS1,0,-1,-1,Analogue,UPS1: Input P2 Volt,V,8,UPS1: Input P2 Volt,0
UPS1_V3in,OPC,0,Synchronous Read,9,3,0,None,3600,0,0,,;{B3AF0BF6-4C0C-4804-A122-6F3B160F4397};SNMP.UPS1.PowerNet-MIB.upsPhaseInputVoltage13,0,1,1,1,UPS1,0,-1,-1,Analogue,UPS1: Input P3 Volt,V,8,UPS1: Input P3 Volt,0
UPS1_I1in,OPC,0,Synchronous Read,10,3,0,DIV10,3600,0,0,,;{B3AF0BF6-4C0C-4804-A122-6F3B160F4397};SNMP.UPS1.PowerNet-MIB.upsPhaseInputCurrent11,0,1,1,1,UPS1,0,-1,-1,Analogue,UPS1: Input P1 Ampere,A,8,UPS1: Input P1 Ampere,0
UPS1_I2in,OPC,0,Synchronous Read,11,3,0,DIV10,3600,0,0,,;{B3AF0BF6-4C0C-4804-A122-6F3B160F4397};SNMP.UPS1.PowerNet-MIB.upsPhaseInputCurrent12,0,1,1,1,UPS1,0,-1,-1,Analogue,UPS1: Input P2 Ampere,A,8,UPS1: Input P2 Ampere,0
UPS1_I3in,OPC,0,Synchronous Read,12,3,0,DIV10,3600,0,0,,;{B3AF0BF6-4C0C-4804-A122-6F3B160F4397};SNMP.UPS1.PowerNet-MIB.upsPhaseInputCurrent13,0,1,1,1,UPS1,0,-1,-1,Analogue,UPS1: Input P3 Ampere,A,8,UPS1: Input P3 Ampere,0
UPS1_Fin,OPC,0,Synchronous Read,13,3,0,DIV10,3600,0,0,,;{B3AF0BF6-4C0C-4804-A122-6F3B160F4397};SNMP.UPS1.PowerNet-MIB.upsHighPrecInputFrequency,0,1,1,1,UPS1,0,-1,-1,Analogue,UPS1: Input Freq,Hz,8,UPS1: Input Freq,0
UPS1_p1in,OPC,0,Synchronous Read,14,0,0,None,3600,0,0,, ,0,1,1,1,UPS1,0,-1,-1,Analogue,UPS1: Input P1 Power,kW,8,UPS1: Input P1 Power,0
UPS1_p2in,OPC,0,Synchronous Read,15,0,0,None,3600,0,0,, ,0,1,1,1,UPS1,0,-1,-1,Analogue,UPS1: Input P2 Power,kW,8,UPS1: Input P2 Power,0
UPS1_p3in,OPC,0,Synchronous Read,16,0,0,None,3600,0,0,, ,0,1,1,1,UPS1,0,-1,-1,Analogue,UPS1: Input P3 Power,kW,8,UPS1: Input P3 Power,0
UPS1_V1bypass,OPC,0,Synchronous Read,17,3,0,None,3600,0,0,,;{B3AF0BF6-4C0C-4804-A122-6F3B160F4397};SNMP.UPS1.PowerNet-MIB.upsPhaseInputVoltage21,0,1,1,1,UPS1,0,-1,-1,Analogue,UPS1: Bypass P1 Volt,V,8,UPS1: Bypass P1 Volt,0
UPS1_V2bypass,OPC,0,Synchronous Read,18,3,0,None,3600,0,0,,;{B3AF0BF6-4C0C-4804-A122-6F3B160F4397};SNMP.UPS1.PowerNet-MIB.upsPhaseInputVoltage22,0,1,1,1,UPS1,0,-1,-1,Analogue,UPS1: Bypass P2 Volt,V,8,UPS1: Bypass P2 Volt,0
UPS1_V3bypass,OPC,0,Synchronous Read,19,3,0,None,3600,0,0,,;{B3AF0BF6-4C0C-4804-A122-6F3B160F4397};SNMP.UPS1.PowerNet-MIB.upsPhaseInputVoltage23,0,1,1,1,UPS1,0,-1,-1,Analogue,UPS1: Bypass P3 Volt,V,8,UPS1: Bypass P3 Volt,0
UPS1_I1bypass,OPC,0,Synchronous Read,20,3,0,DIV10,3600,0,0,,;{B3AF0BF6-4C0C-4804-A122-6F3B160F4397};SNMP.UPS1.PowerNet-MIB.upsPhaseInputCurrent21,0,1,1,1,UPS1,0,-1,-1,Analogue,UPS1: Bypass P1 Ampere,A,8,UPS1: Bypass P1 Ampere,0
UPS1_I2bypass,OPC,0,Synchronous Read,21,3,0,DIV10,3600,0,0,,;{B3AF0BF6-4C0C-4804-A122-6F3B160F4397};SNMP.UPS1.PowerNet-MIB.upsPhaseInputCurrent22,0,1,1,1,UPS1,0,-1,-1,Analogue,UPS1: Bypass P2 Ampere,A,8,UPS1: Bypass P2 Ampere,0
UPS1_I3bypass,OPC,0,Synchronous Read,22,3,0,DIV10,3600,0,0,,;{B3AF0BF6-4C0C-4804-A122-6F3B160F4397};SNMP.UPS1.PowerNet-MIB.upsPhaseInputCurrent23,0,1,1,1,UPS1,0,-1,-1,Analogue,UPS1: Bypass P3 Ampere,A,8,UPS1: Bypass P3 Ampere,0
UPS1_Fbypass,OPC,0,Synchronous Read,23,0,0,None,3600,0,0,, ,0,1,1,1,UPS1,0,-1,-1,Analogue,UPS1: Bypass Freq,Hz,8,UPS1: Bypass Freq,0
UPS1_V1out,OPC,0,Synchronous Read,24,3,0,None,3600,0,0,,;{B3AF0BF6-4C0C-4804-A122-6F3B160F4397};SNMP.UPS1.PowerNet-MIB.upsPhaseOutputVoltage1,0,1,1,1,UPS1,0,-1,-1,Analogue,UPS1: Output P1 Volt,V,8,UPS1: Output P1 Volt,0
UPS1_V2out,OPC,0,Synchronous Read,25,3,0,None,3600,0,0,,;{B3AF0BF6-4C0C-4804-A122-6F3B160F4397};SNMP.UPS1.PowerNet-MIB.upsPhaseOutputVoltage2,0,1,1,1,UPS1,0,-1,-1,Analogue,UPS1: Output P2 Volt,V,8,UPS1: Output P2 Volt,0
UPS1_V3out,OPC,0,Synchronous Read,26,3,0,None,3600,0,0,,;{B3AF0BF6-4C0C-4804-A122-6F3B160F4397};SNMP.UPS1.PowerNet-MIB.upsPhaseOutputVoltage3,0,1,1,1,UPS1,0,-1,-1,Analogue,UPS1: Output P3 Volt,V,8,UPS1: Output P3 Volt,0
UPS1_I1out,OPC,0,Synchronous Read,27,3,0,DIV10,3600,0,0,,;{B3AF0BF6-4C0C-4804-A122-6F3B160F4397};SNMP.UPS1.PowerNet-MIB.upsPhaseOutputCurrent1,0,1,1,1,UPS1,0,-1,-1,Analogue,UPS1: Output P1 Ampere,A,8,UPS1: Output P1 Ampere,0
UPS1_I2out,OPC,0,Synchronous Read,28,3,0,DIV10,3600,0,0,,;{B3AF0BF6-4C0C-4804-A122-6F3B160F4397};SNMP.UPS1.PowerNet-MIB.upsPhaseOutputCurrent2,0,1,1,1,UPS1,0,-1,-1,Analogue,UPS1: Output P2 Ampere,A,8,UPS1: Output P2 Ampere,0
UPS1_I3out,OPC,0,Synchronous Read,29,3,0,DIV10,3600,0,0,,;{B3AF0BF6-4C0C-4804-A122-6F3B160F4397};SNMP.UPS1.PowerNet-MIB.upsPhaseOutputCurrent3,0,1,1,1,UPS1,0,-1,-1,Analogue,UPS1: Output P3 Ampere,A,8,UPS1: Output P3 Ampere,0
UPS1_Fout,OPC,0,Synchronous Read,30,3,0,DIV10,3600,0,0,,;{B3AF0BF6-4C0C-4804-A122-6F3B160F4397};SNMP.UPS1.PowerNet-MIB.upsPhaseOutputFrequency,0,1,1,1,UPS1,0,-1,-1,Analogue,UPS1: Output Freq,Hz,8,UPS1: Output Freq,0
UPS1_L1out,OPC,0,Synchronous Read,31,0,0,None,3600,0,0,, ,0,1,1,1,UPS1,0,-1,-1,Analogue,UPS1: Output L1,,8,UPS1: Output L1,0
UPS1_L2out,OPC,0,Synchronous Read,32,0,0,None,3600,0,0,, ,0,1,1,1,UPS1,0,-1,-1,Analogue,UPS1: Output L2,,8,UPS1: Output L2,0
UPS1_L3out,OPC,0,Synchronous Read,33,0,0,None,3600,0,0,, ,0,1,1,1,UPS1,0,-1,-1,Analogue,UPS1: Output L3,,8,UPS1: Output L3,0
UPS1_kW1out,OPC,0,Synchronous Read,34,0,0,None,3600,0,0,, ,0,1,1,1,UPS1,0,-1,-1,Analogue,UPS1: Output P1 power,kW,8,UPS1: Output P1 power,0
UPS1_kW2out,OPC,0,Synchronous Read,35,0,0,None,3600,0,0,, ,0,1,1,1,UPS1,0,-1,-1,Analogue,UPS1: Output P2 power,kW,8,UPS1: Output P2 power,0
UPS1_kW3out,OPC,0,Synchronous Read,36,0,0,None,3600,0,0,, ,0,1,1,1,UPS1,0,-1,-1,Analogue,UPS1: Output P3 power,kW,8,UPS1: Output P3 power,0
UPS1_kVA1out,OPC,0,Synchronous Read,37,3,0,DIV1000,3600,0,0,,;{B3AF0BF6-4C0C-4804-A122-6F3B160F4397};SNMP.UPS1.PowerNet-MIB.upsPhaseOutputLoad1,0,1,1,1,UPS1,0,-1,-1,Analogue,UPS1: Output P1 Apparent power,kVA,8,UPS1: Output P1 Apparent power,0
UPS1_kVA2out,OPC,0,Synchronous Read,38,3,0,DIV1000,3600,0,0,,;{B3AF0BF6-4C0C-4804-A122-6F3B160F4397};SNMP.UPS1.PowerNet-MIB.upsPhaseOutputLoad2,0,1,1,1,UPS1,0,-1,-1,Analogue,UPS1: Output P2 Apparent power,kVA,8,UPS1: Output P2 Apparent power,0
UPS1_kVA3out,OPC,0,Synchronous Read,39,3,0,DIV1000,3600,0,0,,;{B3AF0BF6-4C0C-4804-A122-6F3B160F4397};SNMP.UPS1.PowerNet-MIB.upsPhaseOutputLoad3,0,1,1,1,UPS1,0,-1,-1,Analogue,UPS1: Output P3 Apparent power,kVA,8,UPS1: Output P3 Apparent power,0
UPS1_BatteryStatus,OPC,0,Synchronous Read,40,3,0,None,3600,0,0,,;{B3AF0BF6-4C0C-4804-A122-6F3B160F4397};SNMP.UPS1.PowerNet-MIB.upsBasicBatteryStatus,0,1,1,1,UPS1,0,-1,-1,Analogue,UPS1: Battery status,,8,UPS1: Battery status,0
UPS1_BatteryCapacity,OPC,0,Synchronous Read,41,3,0,None,3600,0,0,,;{B3AF0BF6-4C0C-4804-A122-6F3B160F4397};SNMP.UPS1.PowerNet-MIB.upsAdvBatteryCapacity,0,1,1,1,UPS1,0,-1,-1,Analogue,UPS1: Battery Capacity,,8,UPS1: Battery Capacity,0
UPS1_BatteryTemperature,OPC,0,Synchronous Read,42,3,0,None,3600,0,0,,;{B3AF0BF6-4C0C-4804-A122-6F3B160F4397};SNMP.UPS1.PowerNet-MIB.upsAdvBatteryTemperature,0,1,1,1,UPS1,0,-1,-1,Analogue,UPS1: Battery temperatue,oC,8,UPS1: Battery temperatue,0
UPS1_BatteryRemainsTime,OPC,0,Synchronous Read,43,3,0,DIV100,3600,0,0,,;{B3AF0BF6-4C0C-4804-A122-6F3B160F4397};SNMP.UPS1.PowerNet-MIB.upsAdvBatteryRunTimeRemaining,0,1,1,1,UPS1,0,-1,-1,Analogue,UPS1: Battery remains time,min,8,UPS1: Battery remains time,0
UPS1_BatteryReplaceIndicator,OPC,0,Synchronous Read,44,3,0,None,3600,0,0,,;{B3AF0BF6-4C0C-4804-A122-6F3B160F4397};SNMP.UPS1.PowerNet-MIB.upsAdvBatteryReplaceIndicator,0,1,1,1,UPS1,0,-1,-1,Analogue,UPS1: Battery replace indicator,,8,UPS1: Battery replace indicator,0
UPS1_BatteryVoltage,OPC,0,Synchronous Read,45,3,0,None,3600,0,0,,;{B3AF0BF6-4C0C-4804-A122-6F3B160F4397};SNMP.UPS1.PowerNet-MIB.upsAdvBatteryActualVoltage,0,1,1,1,UPS1,0,-1,-1,Analogue,UPS1: Battery Volt,V,8,UPS1: Battery Volt,0
UPS1_BatteryCurrent,OPC,0,Synchronous Read,46,3,0,None,3600,0,0,,;{B3AF0BF6-4C0C-4804-A122-6F3B160F4397};SNMP.UPS1.PowerNet-MIB.upsAdvBatteryCurrent,0,1,1,1,UPS1,0,-1,-1,Analogue,UPS1: Battery Ampere,A,8,UPS1: Battery Ampere,0
UPS1_BatteryVoltageP,OPC,0,Synchronous Read,47,0,0,None,3600,0,0,, ,0,1,1,1,UPS1,0,-1,-1,Analogue,UPS1: Battery Volt P,V,8,UPS1: Battery Volt P,0
UPS1_BatteryVoltageN,OPC,0,Synchronous Read,48,0,0,None,3600,0,0,, ,0,1,1,1,UPS1,0,-1,-1,Analogue,UPS1: Battery Volt N,V,8,UPS1: Battery Volt N,0
UPS1_BatteryCurrentP,OPC,0,Synchronous Read,49,0,0,None,3600,0,0,, ,0,1,1,1,UPS1,0,-1,-1,Analogue,UPS1: Battery Ampere P,A,8,UPS1: Battery Ampere P,0
UPS1_BatteryCurrentN,OPC,0,Synchronous Read,50,0,0,None,3600,0,0,, ,0,1,1,1,UPS1,0,-1,-1,Analogue,UPS1: Battery Ampere N,A,8,UPS1: Battery Ampere N,0
UPS2_UnitName,OPC,1,Synchronous Read,0,0,0,None,3600,0,0,,;{B3AF0BF6-4C0C-4804-A122-6F3B160F4397};SNMP.UPS2.PowerNet-MIB.upsBasicIdentName,0,1,1,1,UPS2,0,-1,-1,Analogue,UPS2: Name,,0,UPS2: Name,0
UPS3_UnitName,OPC,1,Synchronous Read,0,0,0,None,3600,0,0,,;{B3AF0BF6-4C0C-4804-A122-6F3B160F4397};SNMP.UPS3.PowerNet-MIB.upsBasicIdentName,0,1,1,1,UPS3,0,-1,-1,Analogue,UPS3: Name,,0,UPS3: Name,0
UPS2_UnitModel,OPC,1,Synchronous Read,1,0,0,None,3600,0,0,,;{B3AF0BF6-4C0C-4804-A122-6F3B160F4397};SNMP.UPS2.PowerNet-MIB.upsBasicIdentModel,0,1,1,1,UPS2,0,-1,-1,Analogue,UPS2: Model,,0,UPS2: Model,0
UPS3_UnitModel,OPC,1,Synchronous Read,1,0,0,None,3600,0,0,,;{B3AF0BF6-4C0C-4804-A122-6F3B160F4397};SNMP.UPS3.PowerNet-MIB.upsBasicIdentModel,0,1,1,1,UPS3,0,-1,-1,Analogue,UPS3: Model,,0,UPS3: Model,0
UPS2_UnitCapacity,OPC,1,Synchronous Read,2,0,0,None,3600,0,0,, ,0,1,1,1,UPS2,0,-1,-1,Analogue,UPS2: Capacity,,9,UPS2: Capacity,0
UPS3_UnitCapacity,OPC,1,Synchronous Read,2,0,0,None,3600,0,0,, ,0,1,1,1,UPS3,0,-1,-1,Analogue,UPS3: Capacity,,10,UPS3: Capacity,0
UPS2_UnitStatus,OPC,1,Synchronous Read,3,3,0,None,3600,0,0,,;{B3AF0BF6-4C0C-4804-A122-6F3B160F4397};SNMP.UPS2.PowerNet-MIB.upsBasicOutputStatus,0,1,1,1,UPS2,0,-1,-1,Analogue,UPS2: Status,,9,UPS2: Status,0
UPS3_UnitStatus,OPC,1,Synchronous Read,3,3,0,None,3600,0,0,,;{B3AF0BF6-4C0C-4804-A122-6F3B160F4397};SNMP.UPS3.PowerNet-MIB.upsBasicOutputStatus,0,1,1,1,UPS3,0,-1,-1,Analogue,UPS3: Status,,10,UPS3: Status,0
UPS2_V12in,OPC,1,Synchronous Read,4,0,0,None,3600,0,0,, ,0,1,1,1,UPS2,0,-1,-1,Analogue,UPS2: Input P12 Volt,V,9,UPS2: Input P12 Volt,0
UPS3_V12in,OPC,1,Synchronous Read,4,0,0,None,3600,0,0,, ,0,1,1,1,UPS3,0,-1,-1,Analogue,UPS3: Input P12 Volt,V,10,UPS3: Input P12 Volt,0
UPS2_V23in,OPC,1,Synchronous Read,5,0,0,None,3600,0,0,, ,0,1,1,1,UPS2,0,-1,-1,Analogue,UPS2: Input P23 Volt,V,9,UPS2: Input P23 Volt,0
UPS3_V23in,OPC,1,Synchronous Read,5,0,0,None,3600,0,0,, ,0,1,1,1,UPS3,0,-1,-1,Analogue,UPS3: Input P23 Volt,V,10,UPS3: Input P23 Volt,0
UPS2_V31in,OPC,1,Synchronous Read,6,0,0,None,3600,0,0,, ,0,1,1,1,UPS2,0,-1,-1,Analogue,UPS2: Input P31 Volt,V,9,UPS2: Input P31 Volt,0
UPS3_V31in,OPC,1,Synchronous Read,6,0,0,None,3600,0,0,, ,0,1,1,1,UPS3,0,-1,-1,Analogue,UPS3: Input P31 Volt,V,10,UPS3: Input P31 Volt,0
UPS2_V1in,OPC,1,Synchronous Read,7,3,0,None,3600,0,0,,;{B3AF0BF6-4C0C-4804-A122-6F3B160F4397};SNMP.UPS2.PowerNet-MIB.upsPhaseInputVoltage11,0,1,1,1,UPS2,0,-1,-1,Analogue,UPS2: Input P1 Volt,V,9,UPS2: Input P1 Volt,0
UPS3_V1in,OPC,1,Synchronous Read,7,3,0,None,3600,0,0,,;{B3AF0BF6-4C0C-4804-A122-6F3B160F4397};SNMP.UPS3.PowerNet-MIB.upsPhaseInputVoltage11,0,1,1,1,UPS3,0,-1,-1,Analogue,UPS3: Input P1 Volt,V,10,UPS3: Input P1 Volt,0
UPS2_V2in,OPC,1,Synchronous Read,8,3,0,None,3600,0,0,,;{B3AF0BF6-4C0C-4804-A122-6F3B160F4397};SNMP.UPS2.PowerNet-MIB.upsPhaseInputVoltage12,0,1,1,1,UPS2,0,-1,-1,Analogue,UPS2: Input P2 Volt,V,9,UPS2: Input P2 Volt,0
UPS3_V2in,OPC,1,Synchronous Read,8,3,0,None,3600,0,0,,;{B3AF0BF6-4C0C-4804-A122-6F3B160F4397};SNMP.UPS3.PowerNet-MIB.upsPhaseInputVoltage12,0,1,1,1,UPS3,0,-1,-1,Analogue,UPS3: Input P2 Volt,V,10,UPS3: Input P2 Volt,0
UPS2_V3in,OPC,1,Synchronous Read,9,3,0,None,3600,0,0,,;{B3AF0BF6-4C0C-4804-A122-6F3B160F4397};SNMP.UPS2.PowerNet-MIB.upsPhaseInputVoltage13,0,1,1,1,UPS2,0,-1,-1,Analogue,UPS2: Input P3 Volt,V,9,UPS2: Input P3 Volt,0
UPS3_V3in,OPC,1,Synchronous Read,9,3,0,None,3600,0,0,,;{B3AF0BF6-4C0C-4804-A122-6F3B160F4397};SNMP.UPS3.PowerNet-MIB.upsPhaseInputVoltage13,0,1,1,1,UPS3,0,-1,-1,Analogue,UPS3: Input P3 Volt,V,10,UPS3: Input P3 Volt,0
UPS2_I1in,OPC,1,Synchronous Read,10,3,0,DIV10,3600,0,0,,;{B3AF0BF6-4C0C-4804-A122-6F3B160F4397};SNMP.UPS2.PowerNet-MIB.upsPhaseInputCurrent11,0,1,1,1,UPS2,0,-1,-1,Analogue,UPS2: Input  P1 Ampere,V,9,UPS2: Input  P1 Ampere,0
UPS3_I1in,OPC,1,Synchronous Read,10,3,0,DIV10,3600,0,0,,;{B3AF0BF6-4C0C-4804-A122-6F3B160F4397};SNMP.UPS3.PowerNet-MIB.upsPhaseInputCurrent11,0,1,1,1,UPS3,0,-1,-1,Analogue,UPS3: Input  P1 Ampere,V,10,UPS3: Input  P1 Ampere,0
UPS2_I2in,OPC,1,Synchronous Read,11,3,0,DIV10,3600,0,0,,;{B3AF0BF6-4C0C-4804-A122-6F3B160F4397};SNMP.UPS2.PowerNet-MIB.upsPhaseInputCurrent12,0,1,1,1,UPS2,0,-1,-1,Analogue,UPS2: Input P2 Ampere,A,9,UPS2: Input P2 Ampere,0
UPS3_I2in,OPC,1,Synchronous Read,11,3,0,DIV10,3600,0,0,,;{B3AF0BF6-4C0C-4804-A122-6F3B160F4397};SNMP.UPS3.PowerNet-MIB.upsPhaseInputCurrent12,0,1,1,1,UPS3,0,-1,-1,Analogue,UPS3: Input P2 Ampere,A,10,UPS3: Input P2 Ampere,0
UPS2_I3in,OPC,1,Synchronous Read,12,3,0,DIV10,3600,0,0,,;{B3AF0BF6-4C0C-4804-A122-6F3B160F4397};SNMP.UPS2.PowerNet-MIB.upsPhaseInputCurrent13,0,1,1,1,UPS2,0,-1,-1,Analogue,UPS2: Input P3 Ampere,A,9,UPS2: Input P3 Ampere,0
UPS3_I3in,OPC,1,Synchronous Read,12,3,0,DIV10,3600,0,0,,;{B3AF0BF6-4C0C-4804-A122-6F3B160F4397};SNMP.UPS3.PowerNet-MIB.upsPhaseInputCurrent13,0,1,1,1,UPS3,0,-1,-1,Analogue,UPS3: Input P3 Ampere,A,10,UPS3: Input P3 Ampere,0
UPS2_Fin,OPC,1,Synchronous Read,13,3,0,DIV10,3600,0,0,,;{B3AF0BF6-4C0C-4804-A122-6F3B160F4397};SNMP.UPS2.PowerNet-MIB.upsHighPrecInputFrequency,0,1,1,1,UPS2,0,-1,-1,Analogue,UPS2: Input Freq,Hz,9,UPS2: Input Freq,0
UPS3_Fin,OPC,1,Synchronous Read,13,3,0,DIV10,3600,0,0,,;{B3AF0BF6-4C0C-4804-A122-6F3B160F4397};SNMP.UPS3.PowerNet-MIB.upsHighPrecInputFrequency,0,1,1,1,UPS3,0,-1,-1,Analogue,UPS3: Input Freq,Hz,10,UPS3: Input Freq,0
UPS2_p1in,OPC,1,Synchronous Read,14,0,0,None,3600,0,0,, ,0,1,1,1,UPS2,0,-1,-1,Analogue,UPS2: Input P1 Power,kW,9,UPS2: Input P1 Power,0
UPS3_p1in,OPC,1,Synchronous Read,14,0,0,None,3600,0,0,, ,0,1,1,1,UPS3,0,-1,-1,Analogue,UPS3: Input P1 Power,kW,10,UPS3: Input P1 Power,0
UPS2_p2in,OPC,1,Synchronous Read,15,0,0,None,3600,0,0,, ,0,1,1,1,UPS2,0,-1,-1,Analogue,UPS2: Input P2 Power,kW,9,UPS2: Input P2 Power,0
UPS3_p2in,OPC,1,Synchronous Read,15,0,0,None,3600,0,0,, ,0,1,1,1,UPS3,0,-1,-1,Analogue,UPS3: Input P2 Power,kW,10,UPS3: Input P2 Power,0
UPS2_p3in,OPC,1,Synchronous Read,16,0,0,None,3600,0,0,, ,0,1,1,1,UPS2,0,-1,-1,Analogue,UPS2: Input P3 Power,kW,9,UPS2: Input P3 Power,0
UPS3_p3in,OPC,1,Synchronous Read,16,0,0,None,3600,0,0,, ,0,1,1,1,UPS3,0,-1,-1,Analogue,UPS3: Input P3 Power,kW,10,UPS3: Input P3 Power,0
UPS2_V1bypass,OPC,1,Synchronous Read,17,3,0,None,3600,0,0,,;{B3AF0BF6-4C0C-4804-A122-6F3B160F4397};SNMP.UPS2.PowerNet-MIB.upsPhaseInputVoltage21,0,1,1,1,UPS2,0,-1,-1,Analogue,UPS2: Bypass P1 Volt,V,9,UPS2: Bypass P1 Volt,0
UPS3_V1bypass,OPC,1,Synchronous Read,17,3,0,None,3600,0,0,,;{B3AF0BF6-4C0C-4804-A122-6F3B160F4397};SNMP.UPS3.PowerNet-MIB.upsPhaseInputVoltage21,0,1,1,1,UPS3,0,-1,-1,Analogue,UPS3: Bypass P1 Volt,V,10,UPS3: Bypass P1 Volt,0
UPS2_V2bypass,OPC,1,Synchronous Read,18,3,0,None,3600,0,0,,;{B3AF0BF6-4C0C-4804-A122-6F3B160F4397};SNMP.UPS2.PowerNet-MIB.upsPhaseInputVoltage22,0,1,1,1,UPS2,0,-1,-1,Analogue,UPS2: Bypass P2 Volt,V,9,UPS2: Bypass P2 Volt,0
UPS3_V2bypass,OPC,1,Synchronous Read,18,3,0,None,3600,0,0,,;{B3AF0BF6-4C0C-4804-A122-6F3B160F4397};SNMP.UPS3.PowerNet-MIB.upsPhaseInputVoltage22,0,1,1,1,UPS3,0,-1,-1,Analogue,UPS3: Bypass P2 Volt,V,10,UPS3: Bypass P2 Volt,0
UPS2_V3bypass,OPC,1,Synchronous Read,19,3,0,None,3600,0,0,,;{B3AF0BF6-4C0C-4804-A122-6F3B160F4397};SNMP.UPS2.PowerNet-MIB.upsPhaseInputVoltage23,0,1,1,1,UPS2,0,-1,-1,Analogue,UPS2: Bypass P3 Volt,V,9,UPS2: Bypass P3 Volt,0
UPS3_V3bypass,OPC,1,Synchronous Read,19,3,0,None,3600,0,0,,;{B3AF0BF6-4C0C-4804-A122-6F3B160F4397};SNMP.UPS3.PowerNet-MIB.upsPhaseInputVoltage23,0,1,1,1,UPS3,0,-1,-1,Analogue,UPS3: Bypass P3 Volt,V,10,UPS3: Bypass P3 Volt,0
UPS2_I1bypass,OPC,1,Synchronous Read,20,3,0,DIV10,3600,0,0,,;{B3AF0BF6-4C0C-4804-A122-6F3B160F4397};SNMP.UPS2.PowerNet-MIB.upsPhaseInputCurrent21,0,1,1,1,UPS2,0,-1,-1,Analogue,UPS2: Bypass P1 Ampere,A,9,UPS2: Bypass P1 Ampere,0
UPS3_I1bypass,OPC,1,Synchronous Read,20,3,0,DIV10,3600,0,0,,;{B3AF0BF6-4C0C-4804-A122-6F3B160F4397};SNMP.UPS3.PowerNet-MIB.upsPhaseInputCurrent21,0,1,1,1,UPS3,0,-1,-1,Analogue,UPS3: Bypass P1 Ampere,A,10,UPS3: Bypass P1 Ampere,0
UPS2_I2bypass,OPC,1,Synchronous Read,21,3,0,DIV10,3600,0,0,,;{B3AF0BF6-4C0C-4804-A122-6F3B160F4397};SNMP.UPS2.PowerNet-MIB.upsPhaseInputCurrent22,0,1,1,1,UPS2,0,-1,-1,Analogue,UPS2: Bypass P2 Ampere,A,9,UPS2: Bypass P2 Ampere,0
UPS3_I2bypass,OPC,1,Synchronous Read,21,3,0,DIV10,3600,0,0,,;{B3AF0BF6-4C0C-4804-A122-6F3B160F4397};SNMP.UPS3.PowerNet-MIB.upsPhaseInputCurrent22,0,1,1,1,UPS3,0,-1,-1,Analogue,UPS3: Bypass P2 Ampere,A,10,UPS3: Bypass P2 Ampere,0
UPS2_I3bypass,OPC,1,Synchronous Read,22,3,0,DIV10,3600,0,0,,;{B3AF0BF6-4C0C-4804-A122-6F3B160F4397};SNMP.UPS2.PowerNet-MIB.upsPhaseInputCurrent23,0,1,1,1,UPS2,0,-1,-1,Analogue,UPS2: Bypass P3 Ampere,A,9,UPS2: Bypass P3 Ampere,0
UPS3_I3bypass,OPC,1,Synchronous Read,22,3,0,DIV10,3600,0,0,,;{B3AF0BF6-4C0C-4804-A122-6F3B160F4397};SNMP.UPS3.PowerNet-MIB.upsPhaseInputCurrent23,0,1,1,1,UPS3,0,-1,-1,Analogue,UPS3: Bypass P3 Ampere,A,10,UPS3: Bypass P3 Ampere,0
UPS2_Fbypass,OPC,1,Synchronous Read,23,0,0,None,3600,0,0,, ,0,1,1,1,UPS2,0,-1,-1,Analogue,UPS2: Bypass Freq,Hz,9,UPS2: Bypass Freq,0
UPS3_Fbypass,OPC,1,Synchronous Read,23,0,0,None,3600,0,0,, ,0,1,1,1,UPS3,0,-1,-1,Analogue,UPS3: Bypass Freq,Hz,10,UPS3: Bypass Freq,0
UPS2_V1out,OPC,1,Synchronous Read,24,3,0,None,3600,0,0,,;{B3AF0BF6-4C0C-4804-A122-6F3B160F4397};SNMP.UPS2.PowerNet-MIB.upsPhaseOutputVoltage1,0,1,1,1,UPS2,0,-1,-1,Analogue,UPS2: Output P1 Volt,V,9,UPS2: Output P1 Volt,0
UPS3_V1out,OPC,1,Synchronous Read,24,3,0,None,3600,0,0,,;{B3AF0BF6-4C0C-4804-A122-6F3B160F4397};SNMP.UPS3.PowerNet-MIB.upsPhaseOutputVoltage1,0,1,1,1,UPS3,0,-1,-1,Analogue,UPS3: Output P1 Volt,V,10,UPS3: Output P1 Volt,0
UPS2_V2out,OPC,1,Synchronous Read,25,3,0,None,3600,0,0,,;{B3AF0BF6-4C0C-4804-A122-6F3B160F4397};SNMP.UPS2.PowerNet-MIB.upsPhaseOutputVoltage2,0,1,1,1,UPS2,0,-1,-1,Analogue,UPS2: Output P2 Volt,V,9,UPS2: Output P2 Volt,0
UPS3_V2out,OPC,1,Synchronous Read,25,3,0,None,3600,0,0,,;{B3AF0BF6-4C0C-4804-A122-6F3B160F4397};SNMP.UPS3.PowerNet-MIB.upsPhaseOutputVoltage2,0,1,1,1,UPS3,0,-1,-1,Analogue,UPS3: Output P2 Volt,V,10,UPS3: Output P2 Volt,0
UPS2_V3out,OPC,1,Synchronous Read,26,3,0,None,3600,0,0,,;{B3AF0BF6-4C0C-4804-A122-6F3B160F4397};SNMP.UPS2.PowerNet-MIB.upsPhaseOutputVoltage3,0,1,1,1,UPS2,0,-1,-1,Analogue,UPS2: Output P3 Volt,V,9,UPS2: Output P3 Volt,0
UPS3_V3out,OPC,1,Synchronous Read,26,3,0,None,3600,0,0,,;{B3AF0BF6-4C0C-4804-A122-6F3B160F4397};SNMP.UPS3.PowerNet-MIB.upsPhaseOutputVoltage3,0,1,1,1,UPS3,0,-1,-1,Analogue,UPS3: Output P3 Volt,V,10,UPS3: Output P3 Volt,0
UPS2_I1out,OPC,1,Synchronous Read,27,3,0,DIV10,3600,0,0,,;{B3AF0BF6-4C0C-4804-A122-6F3B160F4397};SNMP.UPS2.PowerNet-MIB.upsPhaseOutputCurrent1,0,1,1,1,UPS2,0,-1,-1,Analogue,UPS2: Output P1 Ampere,A,9,UPS2: Output P1 Ampere,0
UPS3_I1out,OPC,1,Synchronous Read,27,3,0,DIV10,3600,0,0,,;{B3AF0BF6-4C0C-4804-A122-6F3B160F4397};SNMP.UPS3.PowerNet-MIB.upsPhaseOutputCurrent1,0,1,1,1,UPS3,0,-1,-1,Analogue,UPS3: Output P1 Ampere,A,10,UPS3: Output P1 Ampere,0
UPS2_I2out,OPC,1,Synchronous Read,28,3,0,DIV10,3600,0,0,,;{B3AF0BF6-4C0C-4804-A122-6F3B160F4397};SNMP.UPS2.PowerNet-MIB.upsPhaseOutputCurrent2,0,1,1,1,UPS2,0,-1,-1,Analogue,UPS2: Output P2 Ampere,A,9,UPS2: Output P2 Ampere,0
UPS3_I2out,OPC,1,Synchronous Read,28,3,0,DIV10,3600,0,0,,;{B3AF0BF6-4C0C-4804-A122-6F3B160F4397};SNMP.UPS3.PowerNet-MIB.upsPhaseOutputCurrent2,0,1,1,1,UPS3,0,-1,-1,Analogue,UPS3: Output P2 Ampere,A,10,UPS3: Output P2 Ampere,0
UPS2_I3out,OPC,1,Synchronous Read,29,3,0,DIV10,3600,0,0,,;{B3AF0BF6-4C0C-4804-A122-6F3B160F4397};SNMP.UPS2.PowerNet-MIB.upsPhaseOutputCurrent3,0,1,1,1,UPS2,0,-1,-1,Analogue,UPS2: Output P3 Ampere,A,9,UPS2: Output P3 Ampere,0
UPS3_I3out,OPC,1,Synchronous Read,29,3,0,DIV10,3600,0,0,,;{B3AF0BF6-4C0C-4804-A122-6F3B160F4397};SNMP.UPS3.PowerNet-MIB.upsPhaseOutputCurrent3,0,1,1,1,UPS3,0,-1,-1,Analogue,UPS3: Output P3 Ampere,A,10,UPS3: Output P3 Ampere,0
UPS2_Fout,OPC,1,Synchronous Read,30,3,0,DIV10,3600,0,0,,;{B3AF0BF6-4C0C-4804-A122-6F3B160F4397};SNMP.UPS2.PowerNet-MIB.upsPhaseOutputFrequency,0,1,1,1,UPS2,0,-1,-1,Analogue,UPS2: Output Freq,Hz,9,UPS2: Output Freq,0
UPS3_Fout,OPC,1,Synchronous Read,30,3,0,DIV10,3600,0,0,,;{B3AF0BF6-4C0C-4804-A122-6F3B160F4397};SNMP.UPS3.PowerNet-MIB.upsPhaseOutputFrequency,0,1,1,1,UPS3,0,-1,-1,Analogue,UPS3: Output Freq,Hz,10,UPS3: Output Freq,0
UPS2_L1out,OPC,1,Synchronous Read,31,0,0,None,3600,0,0,, ,0,1,1,1,UPS2,0,-1,-1,Analogue,UPS2: Output L1,,9,UPS2: Output L1,0
UPS3_L1out,OPC,1,Synchronous Read,31,0,0,None,3600,0,0,, ,0,1,1,1,UPS3,0,-1,-1,Analogue,UPS3: Output L1,,10,UPS3: Output L1,0
UPS2_L2out,OPC,1,Synchronous Read,32,0,0,None,3600,0,0,, ,0,1,1,1,UPS2,0,-1,-1,Analogue,UPS2: Output L2,,9,UPS2: Output L2,0
UPS3_L2out,OPC,1,Synchronous Read,32,0,0,None,3600,0,0,, ,0,1,1,1,UPS3,0,-1,-1,Analogue,UPS3: Output L2,,10,UPS3: Output L2,0
UPS2_L3out,OPC,1,Synchronous Read,33,0,0,None,3600,0,0,, ,0,1,1,1,UPS2,0,-1,-1,Analogue,UPS2: Output L3,,9,UPS2: Output L3,0
UPS3_L3out,OPC,1,Synchronous Read,33,0,0,None,3600,0,0,, ,0,1,1,1,UPS3,0,-1,-1,Analogue,UPS3: Output L3,,10,UPS3: Output L3,0
UPS2_kW1out,OPC,1,Synchronous Read,34,0,0,None,3600,0,0,, ,0,1,1,1,UPS2,0,-1,-1,Analogue,UPS2: Output P1 power,kW,9,UPS2: Output P1 power,0
UPS3_kW1out,OPC,1,Synchronous Read,34,0,0,None,3600,0,0,, ,0,1,1,1,UPS3,0,-1,-1,Analogue,UPS3: Output P1 power,kW,10,UPS3: Output P1 power,0
UPS2_kW2out,OPC,1,Synchronous Read,35,0,0,None,3600,0,0,, ,0,1,1,1,UPS2,0,-1,-1,Analogue,UPS2: Output P2 power,kW,9,UPS2: Output P2 power,0
UPS3_kW2out,OPC,1,Synchronous Read,35,0,0,None,3600,0,0,, ,0,1,1,1,UPS3,0,-1,-1,Analogue,UPS3: Output P2 power,kW,10,UPS3: Output P2 power,0
UPS2_kW3out,OPC,1,Synchronous Read,36,0,0,None,3600,0,0,, ,0,1,1,1,UPS2,0,-1,-1,Analogue,UPS2: Output P3 power,kW,9,UPS2: Output P3 power,0
UPS3_kW3out,OPC,1,Synchronous Read,36,0,0,None,3600,0,0,, ,0,1,1,1,UPS3,0,-1,-1,Analogue,UPS3: Output P3 power,kW,10,UPS3: Output P3 power,0
UPS2_kVA1out,OPC,1,Synchronous Read,37,3,0,DIV1000,3600,0,0,,;{B3AF0BF6-4C0C-4804-A122-6F3B160F4397};SNMP.UPS2.PowerNet-MIB.upsPhaseOutputLoad1,0,1,1,1,UPS2,0,-1,-1,Analogue,UPS2: Output P1 Apparent power,kVA,9,UPS2: Output P1 Apparent power,0
UPS3_kVA1out,OPC,1,Synchronous Read,37,3,0,DIV1000,3600,0,0,,;{B3AF0BF6-4C0C-4804-A122-6F3B160F4397};SNMP.UPS3.PowerNet-MIB.upsPhaseOutputLoad1,0,1,1,1,UPS3,0,-1,-1,Analogue,UPS3: Output P1 Apparent power,kVA,10,UPS3: Output P1 Apparent power,0
UPS2_kVA2out,OPC,1,Synchronous Read,38,3,0,DIV1000,3600,0,0,,;{B3AF0BF6-4C0C-4804-A122-6F3B160F4397};SNMP.UPS2.PowerNet-MIB.upsPhaseOutputLoad2,0,1,1,1,UPS2,0,-1,-1,Analogue,UPS2: Output P2 Apparent power,kVA,9,UPS2: Output P2 Apparent power,0
UPS3_kVA2out,OPC,1,Synchronous Read,38,3,0,DIV1000,3600,0,0,,;{B3AF0BF6-4C0C-4804-A122-6F3B160F4397};SNMP.UPS3.PowerNet-MIB.upsPhaseOutputLoad2,0,1,1,1,UPS3,0,-1,-1,Analogue,UPS3: Output P2 Apparent power,kVA,10,UPS3: Output P2 Apparent power,0
UPS2_kVA3out,OPC,1,Synchronous Read,39,3,0,DIV1000,3600,0,0,,;{B3AF0BF6-4C0C-4804-A122-6F3B160F4397};SNMP.UPS2.PowerNet-MIB.upsPhaseOutputLoad3,0,1,1,1,UPS2,0,-1,-1,Analogue,UPS2: Output P3 Apparent power,kVA,9,UPS2: Output P3 Apparent power,0
UPS3_kVA3out,OPC,1,Synchronous Read,39,3,0,DIV1000,3600,0,0,,;{B3AF0BF6-4C0C-4804-A122-6F3B160F4397};SNMP.UPS3.PowerNet-MIB.upsPhaseOutputLoad3,0,1,1,1,UPS3,0,-1,-1,Analogue,UPS3: Output P3 Apparent power,kVA,10,UPS3: Output P3 Apparent power,0
UPS2_BatteryStatus,OPC,1,Synchronous Read,40,3,0,None,3600,0,0,,;{B3AF0BF6-4C0C-4804-A122-6F3B160F4397};SNMP.UPS2.PowerNet-MIB.upsBasicBatteryStatus,0,1,1,1,UPS2,0,-1,-1,Analogue,UPS2: Battery status,,9,UPS2: Battery status,0
UPS3_BatteryStatus,OPC,1,Synchronous Read,40,3,0,None,3600,0,0,,;{B3AF0BF6-4C0C-4804-A122-6F3B160F4397};SNMP.UPS3.PowerNet-MIB.upsBasicBatteryStatus,0,1,1,1,UPS3,0,-1,-1,Analogue,UPS3: Battery status,,10,UPS3: Battery status,0
UPS2_BatteryCapacity,OPC,1,Synchronous Read,41,3,0,None,3600,0,0,,;{B3AF0BF6-4C0C-4804-A122-6F3B160F4397};SNMP.UPS2.PowerNet-MIB.upsAdvBatteryCapacity,0,1,1,1,UPS2,0,-1,-1,Analogue,UPS2: Battery Capacity,,9,UPS2: Battery Capacity,0
UPS3_BatteryCapacity,OPC,1,Synchronous Read,41,3,0,None,3600,0,0,,;{B3AF0BF6-4C0C-4804-A122-6F3B160F4397};SNMP.UPS3.PowerNet-MIB.upsAdvBatteryCapacity,0,1,1,1,UPS3,0,-1,-1,Analogue,UPS3: Battery Capacity,,10,UPS3: Battery Capacity,0
UPS2_BatteryTemperature,OPC,1,Synchronous Read,42,3,0,None,3600,0,0,,;{B3AF0BF6-4C0C-4804-A122-6F3B160F4397};SNMP.UPS2.PowerNet-MIB.upsAdvBatteryTemperature,0,1,1,1,UPS2,0,-1,-1,Analogue,UPS2: Battery temperatue,oC,9,UPS2: Battery temperatue,0
UPS3_BatteryTemperature,OPC,1,Synchronous Read,42,3,0,None,3600,0,0,,;{B3AF0BF6-4C0C-4804-A122-6F3B160F4397};SNMP.UPS3.PowerNet-MIB.upsAdvBatteryTemperature,0,1,1,1,UPS3,0,-1,-1,Analogue,UPS3: Battery temperatue,oC,10,UPS3: Battery temperatue,0
UPS2_BatteryRemainsTime,OPC,1,Synchronous Read,43,3,0,DIV100,3600,0,0,,;{B3AF0BF6-4C0C-4804-A122-6F3B160F4397};SNMP.UPS2.PowerNet-MIB.upsAdvBatteryRunTimeRemaining,0,1,1,1,UPS2,0,-1,-1,Analogue,UPS2: Battery remains time,min,9,UPS2: Battery remains time,0
UPS3_BatteryRemainsTime,OPC,1,Synchronous Read,43,3,0,DIV100,3600,0,0,,;{B3AF0BF6-4C0C-4804-A122-6F3B160F4397};SNMP.UPS3.PowerNet-MIB.upsAdvBatteryRunTimeRemaining,0,1,1,1,UPS3,0,-1,-1,Analogue,UPS3: Battery remains time,min,10,UPS3: Battery remains time,0
UPS2_BatteryReplaceIndicator,OPC,1,Synchronous Read,44,3,0,None,3600,0,0,,;{B3AF0BF6-4C0C-4804-A122-6F3B160F4397};SNMP.UPS2.PowerNet-MIB.upsAdvBatteryReplaceIndicator,0,1,1,1,UPS2,0,-1,-1,Analogue,UPS2: Battery replace indicator,,9,UPS2: Battery replace indicator,0
UPS3_BatteryReplaceIndicator,OPC,1,Synchronous Read,44,3,0,None,3600,0,0,,;{B3AF0BF6-4C0C-4804-A122-6F3B160F4397};SNMP.UPS3.PowerNet-MIB.upsAdvBatteryReplaceIndicator,0,1,1,1,UPS3,0,-1,-1,Analogue,UPS3: Battery replace indicator,,10,UPS3: Battery replace indicator,0
UPS2_BatteryVoltage,OPC,1,Synchronous Read,45,3,0,None,3600,0,0,,;{B3AF0BF6-4C0C-4804-A122-6F3B160F4397};SNMP.UPS2.PowerNet-MIB.upsAdvBatteryActualVoltage,0,1,1,1,UPS2,0,-1,-1,Analogue,UPS2: Battery Volt,V,9,UPS2: Battery Volt,0
UPS3_BatteryVoltage,OPC,1,Synchronous Read,45,3,0,None,3600,0,0,,;{B3AF0BF6-4C0C-4804-A122-6F3B160F4397};SNMP.UPS3.PowerNet-MIB.upsAdvBatteryActualVoltage,0,1,1,1,UPS3,0,-1,-1,Analogue,UPS3: Battery Volt,V,10,UPS3: Battery Volt,0
UPS2_BatteryCurrent,OPC,1,Synchronous Read,46,3,0,None,3600,0,0,,;{B3AF0BF6-4C0C-4804-A122-6F3B160F4397};SNMP.UPS2.PowerNet-MIB.upsAdvBatteryCurrent,0,1,1,1,UPS2,0,-1,-1,Analogue,UPS2: Battery Ampere,A,9,UPS2: Battery Ampere,0
UPS3_BatteryCurrent,OPC,1,Synchronous Read,46,3,0,None,3600,0,0,,;{B3AF0BF6-4C0C-4804-A122-6F3B160F4397};SNMP.UPS3.PowerNet-MIB.upsAdvBatteryCurrent,0,1,1,1,UPS3,0,-1,-1,Analogue,UPS3: Battery Ampere,A,10,UPS3: Battery Ampere,0
UPS2_BatteryVoltageP,OPC,1,Synchronous Read,47,0,0,None,3600,0,0,, ,0,1,1,1,UPS2,0,-1,-1,Analogue,UPS2: Battery Volt P,V,9,UPS2: Battery Volt P,0
UPS3_BatteryVoltageP,OPC,1,Synchronous Read,47,0,0,None,3600,0,0,, ,0,1,1,1,UPS3,0,-1,-1,Analogue,UPS3: Battery Volt P,V,10,UPS3: Battery Volt P,0
UPS2_BatteryVoltageN,OPC,1,Synchronous Read,48,0,0,None,3600,0,0,, ,0,1,1,1,UPS2,0,-1,-1,Analogue,UPS2: Battery Volt N,V,9,UPS2: Battery Volt N,0
UPS3_BatteryVoltageN,OPC,1,Synchronous Read,48,0,0,None,3600,0,0,, ,0,1,1,1,UPS3,0,-1,-1,Analogue,UPS3: Battery Volt N,V,10,UPS3: Battery Volt N,0
UPS2_BatteryCurrentP,OPC,1,Synchronous Read,49,0,0,None,3600,0,0,, ,0,1,1,1,UPS2,0,-1,-1,Analogue,UPS2: Battery Ampere P,A,9,UPS2: Battery Ampere P,0
UPS3_BatteryCurrentP,OPC,1,Synchronous Read,49,0,0,None,3600,0,0,, ,0,1,1,1,UPS3,0,-1,-1,Analogue,UPS3: Battery Ampere P,A,10,UPS3: Battery Ampere P,0
UPS2_BatteryCurrentN,OPC,1,Synchronous Read,50,0,0,None,3600,0,0,, ,0,1,1,1,UPS2,0,-1,-1,Analogue,UPS2: Battery Ampere N,A,9,UPS2: Battery Ampere N,0
UPS3_BatteryCurrentN,OPC,1,Synchronous Read,50,0,0,None,3600,0,0,, ,0,1,1,1,UPS3,0,-1,-1,Analogue,UPS3: Battery Ampere N,A,10,UPS3: Battery Ampere N,0
AC_ServerNumberStandby,Test,0,Dig Out,0,0,0,None,3600,0,0,, ,0,1,1,1,DAQ,0,-1,-1,Digital,Air-cond: Server rm. Number Standby,,0,Air-cond: Server rm. Number Standby,0
AC_ServerMan1,Test,0,Dig Out,1,0,0,None,3600,0,0,,,0,1,1,1,DAQ,0,-1,-1,Digital,Air-cond: Server rm. AC-1 Man,,11,Air-cond: Server rm. AC-1 Man,0
AC_ServerMan2,Test,0,Dig Out,2,0,0,None,3600,0,0,, ,0,1,1,1,DAQ,0,-1,-1,Digital,Air-cond: Server rm. AC-2 Man,,12,Air-cond: Server rm. AC-2 Man,0
AC_ServerMan3,Test,0,Dig Out,3,0,0,None,3600,0,0,, ,0,1,1,1,DAQ,0,-1,-1,Digital,Air-cond: Server rm. AC-3 Man,,13,Air-cond: Server rm. AC-3 Man,0
AC_ServerManEnable,Test,0,Dig Out,4,0,0,None,3600,0,0,, ,0,1,1,1,DAQ,0,-1,-1,Digital,Air-cond: Server rm. Man Enable,,0,Air-cond: Server rm. Man Enable,0
AC_ServerNextSchedule,Test,0,Dig Out,5,0,0,None,3600,0,0,, ,0,1,1,1,DAQ,0,-1,-1,Digital,Air-cond: Server rm. Next Schedule,,0,Air-cond: Server rm. Next Schedule,0
AC_ServerRotateTime,Test,0,Dig Out,6,0,0,None,3600,0,0,, ,0,1,1,1,DAQ,0,-1,-1,Digital,Air-cond: Server rm. Rotate Time,min,0,Air-cond: Server rm. Rotate Time,0
AC_ServerRunTime1,Test,0,Dig Out,7,0,0,None,3600,0,0,, ,0,1,1,1,DAQ,0,-1,-1,Digital,Air-cond:Server rm. AC-1 Run Time,min,11,Air-cond:Server rm. AC-1 Run Time,0
AC_ServerRunTime2,Test,0,Dig Out,8,0,0,None,3600,0,0,, ,0,1,1,1,DAQ,0,-1,-1,Digital,Air-cond: Server rm. AC-2 Run Time,min,12,Air-cond: Server rm. AC-2 Run Time,0
AC_ServerRunTime3,Test,0,Dig Out,9,0,0,None,3600,0,0,, ,0,1,1,1,DAQ,0,-1,-1,Digital,Air-cond: Server rm. AC-3 Run Time,min,13,Air-cond: Server rm. AC-3 Run Time,0
AC_ServerTempHigh,Test,0,Dig Out,10,0,0,None,3600,0,0,, ,0,1,1,1,DAQ,0,-1,-1,Digital,Air-cond: Server rm. Temperatue High,oC,0,Air-cond: Server rm. Temperatue High,0
AC_ServerTempReset,Test,0,Dig Out,11,0,0,None,3600,0,0,, ,0,1,1,1,DAQ,0,-1,-1,Digital,Air-cond: Server rm. Temperatue Reset,oC,0,Air-cond: Server rm. Temperatue Reset,0
UPS3_Trouble,Test,,Dig Out,12,0,0,None,3600,0,0,,,0,1,1,1,DAQ,0,-1,-1,Digital,UPS3: Trouble,,10,UPS3: Trouble,0
AC_ServerNumOfRunningUnit,Test,,Dig Out,13,0,0,None,3600,0,0,,,0,1,1,1,DAQ,0,-1,-1,Analogue,AC  Running ,,13,AC  Running ,0
