[{
    "id": 1,
    "name": "critical",
    "displayName": "Critical",
    "status": "active",
    "configuration": {"interval": 300},
    "isReadOnly": true
}, {
    "id": 2,
    "name": "warning",
    "displayName": "Warning",
    "status": "active",
    "configuration": {"interval": 600},
    "isReadOnly": true
}, {
    "id": 3,
    "name": "advisory",
    "displayName": "Advisory",
    "status": "active",
    "configuration": {"interval": 1800},
    "isReadOnly": true
}, {
    "id": 4,
    "name": "log",
    "displayName": "Log",
    "status": "active",
    "configuration": {"interval": 3600},
    "isReadOnly": true
}]
