[
  {
    "name": "DAR_UP_T31",
    "description": "Tower frame, 3 in/ 3 out",
    "type" : "unit",
    "parentID": 1,
    "channels": [
      { "name": "DAR_UP_T31_I11"},
      { "name": "DAR_UP_T31_I12"},
      { "name": "DAR_UP_T31_I13"},
      { "name": "DAR_UP_T31_I10"},
      { "name": "DAR_UP_T31_I21"},
      { "name": "DAR_UP_T31_I22"},
      { "name": "DAR_UP_T31_I23"},
      { "name": "DAR_UP_T31_I20"},
      { "name": "DAR_UP_T31_VI1"},
      { "name": "DAR_UP_T31_VI2"},
      { "name": "DAR_UP_T31_VI3"},
      { "name": "DAR_UP_T31_VO1"},
      { "name": "DAR_UP_T31_VO2"},
      { "name": "DAR_UP_T31_VO3"},
      { "name": "DAR_UP_T31_VI12"},
      { "name": "DAR_UP_T31_VI23"},
      { "name": "DAR_UP_T31_VI31"},
      { "name": "DAR_UP_T31_VO12"},
      { "name": "DAR_UP_T31_VO23"},
      { "name": "DAR_UP_T31_VO31"},
      { "name": "DAR_UP_T31_kW"},
      { "name": "DAR_UP_T31_kVA"},
      { "name": "DAR_UP_T31_min"},
      { "name": "DAR_UP_T31_load"},
      { "name": "DAR_UP_T31_VI31"}
    ],
    "controls": []
  },
  {
    "name": "DAR_UP_T32",
    "description": "Tower frame, 3 in/ 3 out",
    "type" : "unit",
    "parentID": 1,
    "channels": [
      { "name": "DAR_UP_T32_I11"},
      { "name": "DAR_UP_T32_I12"},
      { "name": "DAR_UP_T32_I13"},
      { "name": "DAR_UP_T32_I10"},
      { "name": "DAR_UP_T32_I21"},
      { "name": "DAR_UP_T32_I22"},
      { "name": "DAR_UP_T32_I23"},
      { "name": "DAR_UP_T32_I20"},
      { "name": "DAR_UP_T32_VI1"},
      { "name": "DAR_UP_T32_VI2"},
      { "name": "DAR_UP_T32_VI3"},
      { "name": "DAR_UP_T32_VO1"},
      { "name": "DAR_UP_T32_VO2"},
      { "name": "DAR_UP_T32_VO3"},
      { "name": "DAR_UP_T32_VI12"},
      { "name": "DAR_UP_T32_VI23"},
      { "name": "DAR_UP_T32_VI31"},
      { "name": "DAR_UP_T32_VO12"},
      { "name": "DAR_UP_T32_VO23"},
      { "name": "DAR_UP_T32_VO31"},
      { "name": "DAR_UP_T32_kW"},
      { "name": "DAR_UP_T32_kVA"},
      { "name": "DAR_UP_T32_min"},
      { "name": "DAR_UP_T32_load"}
    ],
    "controls": []
  },
  {
    "name": "DAR_UP_T33",
    "description": "Tower frame, 3 in/ 3 out",
    "type" : "unit",
    "parentID": 1,
    "channels": [
      { "name": "DAR_UP_T33_I11"},
      { "name": "DAR_UP_T33_I12"},
      { "name": "DAR_UP_T33_I13"},
      { "name": "DAR_UP_T33_I10"},
      { "name": "DAR_UP_T33_I21"},
      { "name": "DAR_UP_T33_I22"},
      { "name": "DAR_UP_T33_I23"},
      { "name": "DAR_UP_T33_I20"},
      { "name": "DAR_UP_T33_VI1"},
      { "name": "DAR_UP_T33_VI2"},
      { "name": "DAR_UP_T33_VI3"},
      { "name": "DAR_UP_T33_VO1"},
      { "name": "DAR_UP_T33_VO2"},
      { "name": "DAR_UP_T33_VO3"},
      { "name": "DAR_UP_T33_VI12"},
      { "name": "DAR_UP_T33_VI23"},
      { "name": "DAR_UP_T33_VI31"},
      { "name": "DAR_UP_T33_VO12"},
      { "name": "DAR_UP_T33_VO23"},
      { "name": "DAR_UP_T33_VO31"},
      { "name": "DAR_UP_T33_kW"},
      { "name": "DAR_UP_T33_kVA"},
      { "name": "DAR_UP_T33_min"},
      { "name": "DAR_UP_T33_load"}
    ],
    "controls": []
  },
  {
    "name": "T34",
    "description": "Tower frame, 3 in/ 3 out",
    "type" : "unit",
    "parentID": 1,
    "channels": [
      { "name": "DAR_UP_T34_I21"},
      { "name": "DAR_UP_T34_I22"},
      { "name": "DAR_UP_T34_I23"},
      { "name": "DAR_UP_T34_I20"},
      { "name": "DAR_UP_T34_VI1"},
      { "name": "DAR_UP_T34_VI2"},
      { "name": "DAR_UP_T34_VI3"},
      { "name": "DAR_UP_T34_VO1"},
      { "name": "DAR_UP_T34_VO2"},
      { "name": "DAR_UP_T34_VO3"},
      { "name": "DAR_UP_T34_VI12"},
      { "name": "DAR_UP_T34_VI23"},
      { "name": "DAR_UP_T34_VI31"},
      { "name": "DAR_UP_T34_VO12"},
      { "name": "DAR_UP_T34_VO23"},
      { "name": "DAR_UP_T34_VO31"},
      { "name": "DAR_UP_T34_kW"},
      { "name": "DAR_UP_T34_kVA"},
      { "name": "DAR_UP_T34_min"},
      { "name": "DAR_UP_T34_load"}
    ],
    "controls": []
  },
  {
    "name": "DAR_PI_DX1",
    "description": "Gas based unit",
    "type" : "unit",
    "parentID": 2,
    "channels": [
      { "name": "DAR_PI_DX1_SPT"},
      { "name": "DAR_PI_DX1_SAT"},
      { "name": "DAR_PI_DX1_RAT"},
      { "name": "DAR_PI_DX1_SAH"},
      { "name": "DAR_PI_DX1_RAH"},
      { "name": "DAR_PI_DX1_SPH"},
      { "name": "DAR_PI_DX1_ComAlm"},
      { "name": "DAR_PI_DX1_UnitOnOff"},
      { "name": "DAR_PI_DX1_UnitCool"},
      { "name": "DAR_PI_DX1_UnitHeat"},
      { "name": "DAR_PI_DX1_UnitHum"},
      { "name": "DAR_PI_DX1_UnitDehum"},
      { "name": "DAR_PI_DX1_Airflow1"},
      { "name": "DAR_PI_DX1_Airflow2"},
      { "name": "DAR_PI_DX1_Airflow3"},
      { "name": "DAR_PI_DX1_HighPressure1"},
      { "name": "DAR_PI_DX1_HighPressure2"},
      { "name": "DAR_PI_DX1_HighPressure3"},
      { "name": "DAR_PI_DX1_RATHH"},
      { "name": "DAR_PI_DX1_RAHHH"},
      { "name": "DAR_PI_DX1_SATHH"},
      { "name": "DAR_PI_DX1_SAHHH"},
      { "name": "DAR_PI_DX1_RATLL"},
      { "name": "DAR_PI_DX1_RAHLL"},
      { "name": "DAR_PI_DX1_SATLL"},
      { "name": "DAR_PI_DX1_SAHLL"},
      { "name": "DAR_PI_DX1_Fan1Run"},
      { "name": "DAR_PI_DX1_Fan1Alarm"},
      { "name": "DAR_PI_DX1_Fan1Filter"},
      { "name": "DAR_PI_DX1_Fan2Run"},
      { "name": "DAR_PI_DX1_Fan2Alarm"},
      { "name": "DAR_PI_DX1_Fan2Filter"},
      { "name": "DAR_PI_DX1_Fan3Run"},
      { "name": "DAR_PI_DX1_Fan3Alarm"},
      { "name": "DAR_PI_DX1_Fan3Filter"},
      { "name": "DAR_PI_DX1_Comp1Alarm"},
      { "name": "DAR_PI_DX1_Comp2Alarm"},
      { "name": "DAR_PI_DX1_Comp1LPAlarm"},
      { "name": "DAR_PI_DX1_Comp2LPAlarm"},
      { "name": "DAR_PI_DX1_UnitRunHr"},
      { "name": "DAR_PI_DX1_UnitStopHr"},
      { "name": "DAR_PI_DX1_UnitCoolRunHr"},
      { "name": "DAR_PI_DX1_UnitHeatRunHr"},
      { "name": "DAR_PI_DX1_UnitHumidRunHr"},
      { "name": "DAR_PI_DX1_UnitDehumRunHr"}
    ],
    "controls": []
  },
  {
    "name": "DAR_PI_DX2",
    "description": "Gas based unit",
    "type" : "unit",
    "parentID": 2,
    "channels": [
      { "name": "DAR_PI_DX2_SPT"},
      { "name": "DAR_PI_DX2_SAT"},
      { "name": "DAR_PI_DX2_RAT"},
      { "name": "DAR_PI_DX2_SAH"},
      { "name": "DAR_PI_DX2_RAH"},
      { "name": "DAR_PI_DX2_SPH"},
      { "name": "DAR_PI_DX2_ComAlm"},
      { "name": "DAR_PI_DX2_UnitOnOff"},
      { "name": "DAR_PI_DX2_UnitCool"},
      { "name": "DAR_PI_DX2_UnitHeat"},
      { "name": "DAR_PI_DX2_UnitHum"},
      { "name": "DAR_PI_DX2_UnitDehum"},
      { "name": "DAR_PI_DX2_Airflow1"},
      { "name": "DAR_PI_DX2_Airflow2"},
      { "name": "DAR_PI_DX2_Airflow3"},
      { "name": "DAR_PI_DX2_HighPressure1"},
      { "name": "DAR_PI_DX2_HighPressure2"},
      { "name": "DAR_PI_DX2_HighPressure3"},
      { "name": "DAR_PI_DX2_RATHH"},
      { "name": "DAR_PI_DX2_RAHHH"},
      { "name": "DAR_PI_DX2_SATHH"},
      { "name": "DAR_PI_DX2_SAHHH"},
      { "name": "DAR_PI_DX2_RATLL"},
      { "name": "DAR_PI_DX2_RAHLL"},
      { "name": "DAR_PI_DX2_SATLL"},
      { "name": "DAR_PI_DX2_SAHLL"},
      { "name": "DAR_PI_DX2_Fan1Run"},
      { "name": "DAR_PI_DX2_Fan1Alarm"},
      { "name": "DAR_PI_DX2_Fan1Filter"},
      { "name": "DAR_PI_DX2_Fan2Run"},
      { "name": "DAR_PI_DX2_Fan2Alarm"},
      { "name": "DAR_PI_DX2_Fan2Filter"},
      { "name": "DAR_PI_DX2_Fan3Run"},
      { "name": "DAR_PI_DX2_Fan3Alarm"},
      { "name": "DAR_PI_DX2_Fan3Filter"},
      { "name": "DAR_PI_DX2_Comp1Alarm"},
      { "name": "DAR_PI_DX2_Comp2Alarm"},
      { "name": "DAR_PI_DX2_Comp1LPAlarm"},
      { "name": "DAR_PI_DX2_Comp2LPAlarm"},
      { "name": "DAR_PI_DX2_UnitRunHr"},
      { "name": "DAR_PI_DX2_UnitStopHr"},
      { "name": "DAR_PI_DX2_UnitCoolRunHr"},
      { "name": "DAR_PI_DX2_UnitHeatRunHr"},
      { "name": "DAR_PI_DX2_UnitHumidRunHr"},
      { "name": "DAR_PI_DX2_UnitDehumRunHr"}
    ],
    "controls": []
  },
  {
    "name": "DAR_PI_DX3",
    "description": "Gas based unit",
    "type" : "unit",
    "parentID": 2,
    "channels": [
      { "name": "DAR_PI_DX3_SPT"},
      { "name": "DAR_PI_DX3_SAT"},
      { "name": "DAR_PI_DX3_RAT"},
      { "name": "DAR_PI_DX3_SAH"},
      { "name": "DAR_PI_DX3_RAH"},
      { "name": "DAR_PI_DX3_SPH"},
      { "name": "DAR_PI_DX3_ComAlm"},
      { "name": "DAR_PI_DX3_UnitOnOff"},
      { "name": "DAR_PI_DX3_UnitCool"},
      { "name": "DAR_PI_DX3_UnitHeat"},
      { "name": "DAR_PI_DX3_UnitHum"},
      { "name": "DAR_PI_DX3_UnitDehum"},
      { "name": "DAR_PI_DX3_Airflow1"},
      { "name": "DAR_PI_DX3_Airflow2"},
      { "name": "DAR_PI_DX3_Airflow3"},
      { "name": "DAR_PI_DX3_HighPressure1"},
      { "name": "DAR_PI_DX3_HighPressure2"},
      { "name": "DAR_PI_DX3_HighPressure3"},
      { "name": "DAR_PI_DX3_RATHH"},
      { "name": "DAR_PI_DX3_RAHHH"},
      { "name": "DAR_PI_DX3_SATHH"},
      { "name": "DAR_PI_DX3_SAHHH"},
      { "name": "DAR_PI_DX3_RATLL"},
      { "name": "DAR_PI_DX3_RAHLL"},
      { "name": "DAR_PI_DX3_SATLL"},
      { "name": "DAR_PI_DX3_SAHLL"},
      { "name": "DAR_PI_DX3_Fan1Run"},
      { "name": "DAR_PI_DX3_Fan1Alarm"},
      { "name": "DAR_PI_DX3_Fan1Filter"},
      { "name": "DAR_PI_DX3_Fan2Run"},
      { "name": "DAR_PI_DX3_Fan2Alarm"},
      { "name": "DAR_PI_DX3_Fan2Filter"},
      { "name": "DAR_PI_DX3_Fan3Run"},
      { "name": "DAR_PI_DX3_Fan3Alarm"},
      { "name": "DAR_PI_DX3_Fan3Filter"},
      { "name": "DAR_PI_DX3_Comp1Alarm"},
      { "name": "DAR_PI_DX3_Comp2Alarm"},
      { "name": "DAR_PI_DX3_Comp1LPAlarm"},
      { "name": "DAR_PI_DX3_Comp2LPAlarm"},
      { "name": "DAR_PI_DX3_UnitRunHr"},
      { "name": "DAR_PI_DX3_UnitStopHr"},
      { "name": "DAR_PI_DX3_UnitCoolRunHr"},
      { "name": "DAR_PI_DX3_UnitHeatRunHr"},
      { "name": "DAR_PI_DX3_UnitHumidRunHr"},
      { "name": "DAR_PI_DX3_UnitDehumRunHr"}
    ],
    "controls": []
  },
  {
    "name": "DAR_PI_DX4",
    "description": "Gas based unit",
    "type" : "unit",
    "parentID": 2,
    "channels": [
      { "name": "DAR_PI_DX4_SPT"},
      { "name": "DAR_PI_DX4_SAT"},
      { "name": "DAR_PI_DX4_RAT"},
      { "name": "DAR_PI_DX4_SAH"},
      { "name": "DAR_PI_DX4_RAH"},
      { "name": "DAR_PI_DX4_SPH"},
      { "name": "DAR_PI_DX4_ComAlm"},
      { "name": "DAR_PI_DX4_UnitOnOff"},
      { "name": "DAR_PI_DX4_UnitCool"},
      { "name": "DAR_PI_DX4_UnitHeat"},
      { "name": "DAR_PI_DX4_UnitHum"},
      { "name": "DAR_PI_DX4_UnitDehum"},
      { "name": "DAR_PI_DX4_Airflow1"},
      { "name": "DAR_PI_DX4_Airflow2"},
      { "name": "DAR_PI_DX4_Airflow3"},
      { "name": "DAR_PI_DX4_HighPressure1"},
      { "name": "DAR_PI_DX4_HighPressure2"},
      { "name": "DAR_PI_DX4_HighPressure3"},
      { "name": "DAR_PI_DX4_RATHH"},
      { "name": "DAR_PI_DX4_RAHHH"},
      { "name": "DAR_PI_DX4_SATHH"},
      { "name": "DAR_PI_DX4_SAHHH"},
      { "name": "DAR_PI_DX4_RATLL"},
      { "name": "DAR_PI_DX4_RAHLL"},
      { "name": "DAR_PI_DX4_SATLL"},
      { "name": "DAR_PI_DX4_SAHLL"},
      { "name": "DAR_PI_DX4_Fan1Run"},
      { "name": "DAR_PI_DX4_Fan1Alarm"},
      { "name": "DAR_PI_DX4_Fan1Filter"},
      { "name": "DAR_PI_DX4_Fan2Run"},
      { "name": "DAR_PI_DX4_Fan2Alarm"},
      { "name": "DAR_PI_DX4_Fan2Filter"},
      { "name": "DAR_PI_DX4_Fan3Run"},
      { "name": "DAR_PI_DX4_Fan3Alarm"},
      { "name": "DAR_PI_DX4_Fan3Filter"},
      { "name": "DAR_PI_DX4_Comp1Alarm"},
      { "name": "DAR_PI_DX4_Comp2Alarm"},
      { "name": "DAR_PI_DX4_Comp1LPAlarm"},
      { "name": "DAR_PI_DX4_Comp2LPAlarm"},
      { "name": "DAR_PI_DX4_UnitRunHr"},
      { "name": "DAR_PI_DX4_UnitStopHr"},
      { "name": "DAR_PI_DX4_UnitCoolRunHr"},
      { "name": "DAR_PI_DX4_UnitHeatRunHr"},
      { "name": "DAR_PI_DX4_UnitHumidRunHr"},
      { "name": "DAR_PI_DX4_UnitDehumRunHr"}
    ],
    "controls": []
  },
  {
    "name": "DAR_PI_DX5",
    "description": "Gas based unit",
    "type" : "unit",
    "parentID": 2,
    "channels": [
      { "name": "DAR_PI_DX5_SPT"},
      { "name": "DAR_PI_DX5_SAT"},
      { "name": "DAR_PI_DX5_RAT"},
      { "name": "DAR_PI_DX5_SAH"},
      { "name": "DAR_PI_DX5_RAH"},
      { "name": "DAR_PI_DX5_SPH"},
      { "name": "DAR_PI_DX5_ComAlm"},
      { "name": "DAR_PI_DX5_UnitOnOff"},
      { "name": "DAR_PI_DX5_UnitCool"},
      { "name": "DAR_PI_DX5_UnitHeat"},
      { "name": "DAR_PI_DX5_UnitHum"},
      { "name": "DAR_PI_DX5_UnitDehum"},
      { "name": "DAR_PI_DX5_Airflow1"},
      { "name": "DAR_PI_DX5_Airflow2"},
      { "name": "DAR_PI_DX5_Airflow3"},
      { "name": "DAR_PI_DX5_HighPressure1"},
      { "name": "DAR_PI_DX5_HighPressure2"},
      { "name": "DAR_PI_DX5_HighPressure3"},
      { "name": "DAR_PI_DX5_RATHH"},
      { "name": "DAR_PI_DX5_RAHHH"},
      { "name": "DAR_PI_DX5_SATHH"},
      { "name": "DAR_PI_DX5_SAHHH"},
      { "name": "DAR_PI_DX5_RATLL"},
      { "name": "DAR_PI_DX5_RAHLL"},
      { "name": "DAR_PI_DX5_SATLL"},
      { "name": "DAR_PI_DX5_SAHLL"},
      { "name": "DAR_PI_DX5_Fan1Run"},
      { "name": "DAR_PI_DX5_Fan1Alarm"},
      { "name": "DAR_PI_DX5_Fan1Filter"},
      { "name": "DAR_PI_DX5_Fan2Run"},
      { "name": "DAR_PI_DX5_Fan2Alarm"},
      { "name": "DAR_PI_DX5_Fan2Filter"},
      { "name": "DAR_PI_DX5_Fan3Run"},
      { "name": "DAR_PI_DX5_Fan3Alarm"},
      { "name": "DAR_PI_DX5_Fan3Filter"},
      { "name": "DAR_PI_DX5_Comp1Alarm"},
      { "name": "DAR_PI_DX5_Comp2Alarm"},
      { "name": "DAR_PI_DX5_Comp1LPAlarm"},
      { "name": "DAR_PI_DX5_Comp2LPAlarm"},
      { "name": "DAR_PI_DX5_UnitRunHr"},
      { "name": "DAR_PI_DX5_UnitStopHr"},
      { "name": "DAR_PI_DX5_UnitCoolRunHr"},
      { "name": "DAR_PI_DX5_UnitHeatRunHr"},
      { "name": "DAR_PI_DX5_UnitHumidRunHr"},
      { "name": "DAR_PI_DX5_UnitDehumRunHr"}
    ],
    "controls": []
  },
  {
    "name": "DAR_PI_DX6",
    "description": "Gas based unit",
    "type" : "unit",
    "parentID": 2,
    "channels": [
      { "name": "DAR_PI_DX6_SPT"},
      { "name": "DAR_PI_DX6_SAT"},
      { "name": "DAR_PI_DX6_RAT"},
      { "name": "DAR_PI_DX6_SAH"},
      { "name": "DAR_PI_DX6_RAH"},
      { "name": "DAR_PI_DX6_SPH"},
      { "name": "DAR_PI_DX6_ComAlm"},
      { "name": "DAR_PI_DX6_UnitOnOff"},
      { "name": "DAR_PI_DX6_UnitCool"},
      { "name": "DAR_PI_DX6_UnitHeat"},
      { "name": "DAR_PI_DX6_UnitHum"},
      { "name": "DAR_PI_DX6_UnitDehum"},
      { "name": "DAR_PI_DX6_Airflow1"},
      { "name": "DAR_PI_DX6_Airflow2"},
      { "name": "DAR_PI_DX6_Airflow3"},
      { "name": "DAR_PI_DX6_HighPressure1"},
      { "name": "DAR_PI_DX6_HighPressure2"},
      { "name": "DAR_PI_DX6_HighPressure3"},
      { "name": "DAR_PI_DX6_RATHH"},
      { "name": "DAR_PI_DX6_RAHHH"},
      { "name": "DAR_PI_DX6_SATHH"},
      { "name": "DAR_PI_DX6_SAHHH"},
      { "name": "DAR_PI_DX6_RATLL"},
      { "name": "DAR_PI_DX6_RAHLL"},
      { "name": "DAR_PI_DX6_SATLL"},
      { "name": "DAR_PI_DX6_SAHLL"},
      { "name": "DAR_PI_DX6_Fan1Run"},
      { "name": "DAR_PI_DX6_Fan1Alarm"},
      { "name": "DAR_PI_DX6_Fan1Filter"},
      { "name": "DAR_PI_DX6_Fan2Run"},
      { "name": "DAR_PI_DX6_Fan2Alarm"},
      { "name": "DAR_PI_DX6_Fan2Filter"},
      { "name": "DAR_PI_DX6_Fan3Run"},
      { "name": "DAR_PI_DX6_Fan3Alarm"},
      { "name": "DAR_PI_DX6_Fan3Filter"},
      { "name": "DAR_PI_DX6_Comp1Alarm"},
      { "name": "DAR_PI_DX6_Comp2Alarm"},
      { "name": "DAR_PI_DX6_Comp1LPAlarm"},
      { "name": "DAR_PI_DX6_Comp2LPAlarm"},
      { "name": "DAR_PI_DX6_UnitRunHr"},
      { "name": "DAR_PI_DX6_UnitStopHr"},
      { "name": "DAR_PI_DX6_UnitCoolRunHr"},
      { "name": "DAR_PI_DX6_UnitHeatRunHr"},
      { "name": "DAR_PI_DX6_UnitHumidRunHr"},
      { "name": "DAR_PI_DX6_UnitDehumRunHr"}
    ],
    "controls": []
  },
  {
    "name": "DAR_PI_DX7",
    "description": "Gas based unit",
    "type" : "unit",
    "parentID": 2,
    "channels": [
      { "name": "DAR_PI_DX7_SPT"},
      { "name": "DAR_PI_DX7_SAT"},
      { "name": "DAR_PI_DX7_RAT"},
      { "name": "DAR_PI_DX7_SAH"},
      { "name": "DAR_PI_DX7_RAH"},
      { "name": "DAR_PI_DX7_SPH"},
      { "name": "DAR_PI_DX7_ComAlm"},
      { "name": "DAR_PI_DX7_UnitOnOff"},
      { "name": "DAR_PI_DX7_UnitCool"},
      { "name": "DAR_PI_DX7_UnitHeat"},
      { "name": "DAR_PI_DX7_UnitHum"},
      { "name": "DAR_PI_DX7_UnitDehum"},
      { "name": "DAR_PI_DX7_Airflow1"},
      { "name": "DAR_PI_DX7_Airflow2"},
      { "name": "DAR_PI_DX7_Airflow3"},
      { "name": "DAR_PI_DX7_HighPressure1"},
      { "name": "DAR_PI_DX7_HighPressure2"},
      { "name": "DAR_PI_DX7_HighPressure3"},
      { "name": "DAR_PI_DX7_RATHH"},
      { "name": "DAR_PI_DX7_RAHHH"},
      { "name": "DAR_PI_DX7_SATHH"},
      { "name": "DAR_PI_DX7_SAHHH"},
      { "name": "DAR_PI_DX7_RATLL"},
      { "name": "DAR_PI_DX7_RAHLL"},
      { "name": "DAR_PI_DX7_SATLL"},
      { "name": "DAR_PI_DX7_SAHLL"},
      { "name": "DAR_PI_DX7_Fan1Run"},
      { "name": "DAR_PI_DX7_Fan1Alarm"},
      { "name": "DAR_PI_DX7_Fan1Filter"},
      { "name": "DAR_PI_DX7_Fan2Run"},
      { "name": "DAR_PI_DX7_Fan2Alarm"},
      { "name": "DAR_PI_DX7_Fan2Filter"},
      { "name": "DAR_PI_DX7_Fan3Run"},
      { "name": "DAR_PI_DX7_Fan3Alarm"},
      { "name": "DAR_PI_DX7_Fan3Filter"},
      { "name": "DAR_PI_DX7_Comp1Alarm"},
      { "name": "DAR_PI_DX7_Comp2Alarm"},
      { "name": "DAR_PI_DX7_Comp1LPAlarm"},
      { "name": "DAR_PI_DX7_Comp2LPAlarm"},
      { "name": "DAR_PI_DX7_UnitRunHr"},
      { "name": "DAR_PI_DX7_UnitStopHr"},
      { "name": "DAR_PI_DX7_UnitCoolRunHr"},
      { "name": "DAR_PI_DX7_UnitHeatRunHr"},
      { "name": "DAR_PI_DX7_UnitHumidRunHr"},
      { "name": "DAR_PI_DX7_UnitDehumRunHr"}
    ],
    "controls": []
  },
  {
    "name": "DAR_PI_DX8",
    "description": "Gas based unit",
    "type" : "unit",
    "parentID": 2,
    "channels": [
      { "name": "DAR_PI_DX8_SPT"},
      { "name": "DAR_PI_DX8_SAT"},
      { "name": "DAR_PI_DX8_RAT"},
      { "name": "DAR_PI_DX8_SAH"},
      { "name": "DAR_PI_DX8_RAH"},
      { "name": "DAR_PI_DX8_SPH"},
      { "name": "DAR_PI_DX8_ComAlm"},
      { "name": "DAR_PI_DX8_UnitOnOff"},
      { "name": "DAR_PI_DX8_UnitCool"},
      { "name": "DAR_PI_DX8_UnitHeat"},
      { "name": "DAR_PI_DX8_UnitHum"},
      { "name": "DAR_PI_DX8_UnitDehum"},
      { "name": "DAR_PI_DX8_Airflow1"},
      { "name": "DAR_PI_DX8_Airflow2"},
      { "name": "DAR_PI_DX8_Airflow3"},
      { "name": "DAR_PI_DX8_HighPressure1"},
      { "name": "DAR_PI_DX8_HighPressure2"},
      { "name": "DAR_PI_DX8_HighPressure3"},
      { "name": "DAR_PI_DX8_RATHH"},
      { "name": "DAR_PI_DX8_RAHHH"},
      { "name": "DAR_PI_DX8_SATHH"},
      { "name": "DAR_PI_DX8_SAHHH"},
      { "name": "DAR_PI_DX8_RATLL"},
      { "name": "DAR_PI_DX8_RAHLL"},
      { "name": "DAR_PI_DX8_SATLL"},
      { "name": "DAR_PI_DX8_SAHLL"},
      { "name": "DAR_PI_DX8_Fan1Run"},
      { "name": "DAR_PI_DX8_Fan1Alarm"},
      { "name": "DAR_PI_DX8_Fan1Filter"},
      { "name": "DAR_PI_DX8_Fan2Run"},
      { "name": "DAR_PI_DX8_Fan2Alarm"},
      { "name": "DAR_PI_DX8_Fan2Filter"},
      { "name": "DAR_PI_DX8_Fan3Run"},
      { "name": "DAR_PI_DX8_Fan3Alarm"},
      { "name": "DAR_PI_DX8_Fan3Filter"},
      { "name": "DAR_PI_DX8_Comp1Alarm"},
      { "name": "DAR_PI_DX8_Comp2Alarm"},
      { "name": "DAR_PI_DX8_Comp1LPAlarm"},
      { "name": "DAR_PI_DX8_Comp2LPAlarm"},
      { "name": "DAR_PI_DX8_UnitRunHr"},
      { "name": "DAR_PI_DX8_UnitStopHr"},
      { "name": "DAR_PI_DX8_UnitCoolRunHr"},
      { "name": "DAR_PI_DX8_UnitHeatRunHr"},
      { "name": "DAR_PI_DX8_UnitHumidRunHr"},
      { "name": "DAR_PI_DX8_UnitDehumRunHr"}
    ],
    "controls": []
  },
  {
    "name": "DAR_GS_BG1",
    "description": "Bare-set unit",
    "type" : "unit",
    "parentID": 3,
    "channels": [
      { "name": "DAR_GS_BG1_V1"},
      { "name": "DAR_GS_BG1_V2"},
      { "name": "DAR_GS_BG1_V3"},
      { "name": "DAR_GS_BG1_V12"},
      { "name": "DAR_GS_BG1_V23"},
      { "name": "DAR_GS_BG1_V31"},
      { "name": "DAR_GS_BG1_I1"},
      { "name": "DAR_GS_BG1_I2"},
      { "name": "DAR_GS_BG1_I3"},
      { "name": "DAR_GS_BG1_L1pf"},
      { "name": "DAR_GS_BG1_L2pf"},
      { "name": "DAR_GS_BG1_L3pf"},
      { "name": "DAR_GS_BG1_Hz"},
      { "name": "DAR_GS_BG1_L1W"},
      { "name": "DAR_GS_BG1_L2W"},
      { "name": "DAR_GS_BG1_L3W"},
      { "name": "DAR_GS_BG1_L1VA"},
      { "name": "DAR_GS_BG1_L2VA"},
      { "name": "DAR_GS_BG1_L3VA"},
      { "name": "DAR_GS_BG1_VBat"},
      { "name": "DAR_GS_BG1_OilP"},
      { "name": "DAR_GS_BG1_WaterTemp"},
      { "name": "DAR_GS_BG1_EStop"},
      { "name": "DAR_GS_BG1_RCS"},
      { "name": "DAR_GS_BG1_SwSS"},
      { "name": "DAR_GS_BG1_AlmO"},
      { "name": "DAR_GS_BG1_PreAlm"},
      { "name": "DAR_GS_BG1_ManMode"},
      { "name": "DAR_GS_BG1_AutoMode"}
    ],
    "controls": []
  },
  {
    "name": "DAR_GS_BG2",
    "description": "Bare-set unit",
    "type" : "unit",
    "parentID": 3,
    "channels": [
      { "name": "DAR_GS_BG2_V1"},
      { "name": "DAR_GS_BG2_V2"},
      { "name": "DAR_GS_BG2_V3"},
      { "name": "DAR_GS_BG2_V12"},
      { "name": "DAR_GS_BG2_V23"},
      { "name": "DAR_GS_BG2_V31"},
      { "name": "DAR_GS_BG2_I1"},
      { "name": "DAR_GS_BG2_I2"},
      { "name": "DAR_GS_BG2_I3"},
      { "name": "DAR_GS_BG2_L1pf"},
      { "name": "DAR_GS_BG2_L2pf"},
      { "name": "DAR_GS_BG2_L3pf"},
      { "name": "DAR_GS_BG2_Hz"},
      { "name": "DAR_GS_BG2_L1W"},
      { "name": "DAR_GS_BG2_L2W"},
      { "name": "DAR_GS_BG2_L3W"},
      { "name": "DAR_GS_BG2_L1VA"},
      { "name": "DAR_GS_BG2_L2VA"},
      { "name": "DAR_GS_BG2_L3VA"},
      { "name": "DAR_GS_BG2_VBat"},
      { "name": "DAR_GS_BG2_OilP"},
      { "name": "DAR_GS_BG2_WaterTemp"},
      { "name": "DAR_GS_BG2_EStop"},
      { "name": "DAR_GS_BG2_RCS"},
      { "name": "DAR_GS_BG2_SwSS"},
      { "name": "DAR_GS_BG2_AlmO"},
      { "name": "DAR_GS_BG2_PreAlm"},
      { "name": "DAR_GS_BG2_ManMode"},
      { "name": "DAR_GS_BG2_AutoMode"}
    ],
    "controls": []
  },
  {
    "name": "DAR_PW_LV1",
    "description": "Low Voltage",
    "type" : "unit",
    "parentID": 4,
    "channels": [
      { "name": "DAR_PW_LV1_PM117_Hour"},
      { "name": "DAR_PW_LV1_PM117_Min"},
      { "name": "DAR_PW_LV1_PM117_kWh"},
      { "name": "DAR_PW_LV1_PM117_kW"},
      { "name": "DAR_PW_LV1_PM117_kVA"},
      { "name": "DAR_PW_LV1_PM117_Hz"},
      { "name": "DAR_PW_LV1_PM117_I1"},
      { "name": "DAR_PW_LV1_PM117_I2"},
      { "name": "DAR_PW_LV1_PM117_I3"},
      { "name": "DAR_PW_LV1_PM117_In"},
      { "name": "DAR_PW_LV1_PM117_V12"},
      { "name": "DAR_PW_LV1_PM117_V23"},
      { "name": "DAR_PW_LV1_PM117_V31"},
      { "name": "DAR_PW_LV1_PM117_V1"},
      { "name": "DAR_PW_LV1_PM117_V2"},
      { "name": "DAR_PW_LV1_PM117_V3"},
      { "name": "DAR_PW_LV1_PM117_kW1"},
      { "name": "DAR_PW_LV1_PM117_kW2"},
      { "name": "DAR_PW_LV1_PM117_kW3"},
      { "name": "DAR_PW_LV1_PM117_kVA1"},
      { "name": "DAR_PW_LV1_PM117_kVA2"},
      { "name": "DAR_PW_LV1_PM117_kVA3"},
      { "name": "DAR_PW_LV1_PM117_THDI1"},
      { "name": "DAR_PW_LV1_PM117_THDI2"},
      { "name": "DAR_PW_LV1_PM117_THDI3"},
      { "name": "DAR_PW_LV1_PM117_THDV1"},
      { "name": "DAR_PW_LV1_PM117_THDV2"},
      { "name": "DAR_PW_LV1_PM117_THDV3"},
      { "name": "DAR_PW_LV1_PM117_THDV12"},
      { "name": "DAR_PW_LV1_PM117_THDV23"},
      { "name": "DAR_PW_LV1_PM117_THDV31"}
    ],
    "controls": []
  },
  {
    "name": "DAR_PW_LV2",
    "description": "Low Voltage",
    "type" : "unit",
    "parentID": 4,
    "channels": [
      { "name": "DAR_PW_LV2_PM118_Hour"},
      { "name": "DAR_PW_LV2_PM118_Min"},
      { "name": "DAR_PW_LV2_PM118_kWh"},
      { "name": "DAR_PW_LV2_PM118_kW"},
      { "name": "DAR_PW_LV2_PM118_kVA"},
      { "name": "DAR_PW_LV2_PM118_Hz"},
      { "name": "DAR_PW_LV2_PM118_I1"},
      { "name": "DAR_PW_LV2_PM118_I2"},
      { "name": "DAR_PW_LV2_PM118_I3"},
      { "name": "DAR_PW_LV2_PM118_In"},
      { "name": "DAR_PW_LV2_PM118_V12"},
      { "name": "DAR_PW_LV2_PM118_V23"},
      { "name": "DAR_PW_LV2_PM118_V31"},
      { "name": "DAR_PW_LV2_PM118_V1"},
      { "name": "DAR_PW_LV2_PM118_V2"},
      { "name": "DAR_PW_LV2_PM118_V3"},
      { "name": "DAR_PW_LV2_PM118_kW1"},
      { "name": "DAR_PW_LV2_PM118_kW2"},
      { "name": "DAR_PW_LV2_PM118_kW3"},
      { "name": "DAR_PW_LV2_PM118_kVA1"},
      { "name": "DAR_PW_LV2_PM118_kVA2"},
      { "name": "DAR_PW_LV2_PM118_kVA3"},
      { "name": "DAR_PW_LV2_PM118_THDI1"},
      { "name": "DAR_PW_LV2_PM118_THDI2"},
      { "name": "DAR_PW_LV2_PM118_THDI3"},
      { "name": "DAR_PW_LV2_PM118_THDV1"},
      { "name": "DAR_PW_LV2_PM118_THDV2"},
      { "name": "DAR_PW_LV2_PM118_THDV3"},
      { "name": "DAR_PW_LV2_PM118_THDV12"},
      { "name": "DAR_PW_LV2_PM118_THDV23"},
      { "name": "DAR_PW_LV2_PM118_THDV31"}
    ],
    "controls": []
  },
  {
    "name": "DAR_PW_BU1",
    "description": "TBU-1 switchboard",
    "type" : "unit",
    "parentID": 4,
    "channels": [
      { "name": "DAR_PW_BU1_PM111_Hour"},
      { "name": "DAR_PW_BU1_PM111_Min"},
      { "name": "DAR_PW_BU1_PM111_kWh"},
      { "name": "DAR_PW_BU1_PM111_kW"},
      { "name": "DAR_PW_BU1_PM111_kVA"},
      { "name": "DAR_PW_BU1_PM111_Hz"},
      { "name": "DAR_PW_BU1_PM111_I1"},
      { "name": "DAR_PW_BU1_PM111_I2"},
      { "name": "DAR_PW_BU1_PM111_I3"},
      { "name": "DAR_PW_BU1_PM111_In"},
      { "name": "DAR_PW_BU1_PM111_V12"},
      { "name": "DAR_PW_BU1_PM111_V23"},
      { "name": "DAR_PW_BU1_PM111_V31"},
      { "name": "DAR_PW_BU1_PM111_V1"},
      { "name": "DAR_PW_BU1_PM111_V2"},
      { "name": "DAR_PW_BU1_PM111_V3"},
      { "name": "DAR_PW_BU1_PM111_kW1"},
      { "name": "DAR_PW_BU1_PM111_kW2"},
      { "name": "DAR_PW_BU1_PM111_kW3"},
      { "name": "DAR_PW_BU1_PM111_kVA1"},
      { "name": "DAR_PW_BU1_PM111_kVA2"},
      { "name": "DAR_PW_BU1_PM111_kVA3"},
      { "name": "DAR_PW_BU1_PM111_THDI1"},
      { "name": "DAR_PW_BU1_PM111_THDI2"},
      { "name": "DAR_PW_BU1_PM111_THDI3"},
      { "name": "DAR_PW_BU1_PM111_THDV1"},
      { "name": "DAR_PW_BU1_PM111_THDV2"},
      { "name": "DAR_PW_BU1_PM111_THDV3"},
      { "name": "DAR_PW_BU1_PM111_THDV12"},
      { "name": "DAR_PW_BU1_PM111_THDV23"},
      { "name": "DAR_PW_BU1_PM111_THDV31"},
      { "name": "DAR_PW_BU1_OTB13_I00"},
      { "name": "DAR_PW_BU1_OTB13_I01"},
      { "name": "DAR_PW_BU1_OTB13_I02"},
      { "name": "DAR_PW_BU1_OTB13_I03"},
      { "name": "DAR_PW_BU1_OTB13_I04"},
      { "name": "DAR_PW_BU1_OTB13_I05"},
      { "name": "DAR_PW_BU1_OTB13_I06"},
      { "name": "DAR_PW_BU1_OTB13_I07"},
      { "name": "DAR_PW_BU1_OTB13_I08"},
      { "name": "DAR_PW_BU1_OTB13_I09"},
      { "name": "DAR_PW_BU1_OTB13_I10"},
      { "name": "DAR_PW_BU1_OTB13_I11"},
      { "name": "DAR_PW_BU1_OTB14_I00"},
      { "name": "DAR_PW_BU1_OTB14_I01"},
      { "name": "DAR_PW_BU1_OTB14_I02"},
      { "name": "DAR_PW_BU1_OTB14_I03"},
      { "name": "DAR_PW_BU1_OTB14_I04"},
      { "name": "DAR_PW_BU1_OTB14_I05"},
      { "name": "DAR_PW_BU1_OTB14_I06"},
      { "name": "DAR_PW_BU1_OTB14_I07"},
      { "name": "DAR_PW_BU1_OTB14_I08"},
      { "name": "DAR_PW_BU1_OTB14_I09"},
      { "name": "DAR_PW_BU1_OTB14_I10"},
      { "name": "DAR_PW_BU1_OTB14_I11"}
    ],
    "controls": []
  },
  {
    "name": "DAR_PW_BU2",
    "description": "TBU-2 switchboard",
    "type" : "unit",
    "parentID": 4,
    "channels": [
      { "name": "DAR_PW_BU2_PM114_Hour"},
      { "name": "DAR_PW_BU2_PM114_Min"},
      { "name": "DAR_PW_BU2_PM114_kWh"},
      { "name": "DAR_PW_BU2_PM114_kW"},
      { "name": "DAR_PW_BU2_PM114_kVA"},
      { "name": "DAR_PW_BU2_PM114_Hz"},
      { "name": "DAR_PW_BU2_PM114_I1"},
      { "name": "DAR_PW_BU2_PM114_I2"},
      { "name": "DAR_PW_BU2_PM114_I3"},
      { "name": "DAR_PW_BU2_PM114_In"},
      { "name": "DAR_PW_BU2_PM114_V12"},
      { "name": "DAR_PW_BU2_PM114_V23"},
      { "name": "DAR_PW_BU2_PM114_V31"},
      { "name": "DAR_PW_BU2_PM114_V1"},
      { "name": "DAR_PW_BU2_PM114_V2"},
      { "name": "DAR_PW_BU2_PM114_V3"},
      { "name": "DAR_PW_BU2_PM114_kW1"},
      { "name": "DAR_PW_BU2_PM114_kW2"},
      { "name": "DAR_PW_BU2_PM114_kW3"},
      { "name": "DAR_PW_BU2_PM114_kVA1"},
      { "name": "DAR_PW_BU2_PM114_kVA2"},
      { "name": "DAR_PW_BU2_PM114_kVA3"},
      { "name": "DAR_PW_BU2_PM114_THDI1"},
      { "name": "DAR_PW_BU2_PM114_THDI2"},
      { "name": "DAR_PW_BU2_PM114_THDI3"},
      { "name": "DAR_PW_BU2_PM114_THDV1"},
      { "name": "DAR_PW_BU2_PM114_THDV2"},
      { "name": "DAR_PW_BU2_PM114_THDV3"},
      { "name": "DAR_PW_BU2_PM114_THDV12"},
      { "name": "DAR_PW_BU2_PM114_THDV23"},
      { "name": "DAR_PW_BU2_PM114_THDV31"},
      { "name": "DAR_PW_BU2_OTB17_I00"},
      { "name": "DAR_PW_BU2_OTB17_I01"},
      { "name": "DAR_PW_BU2_OTB17_I02"},
      { "name": "DAR_PW_BU2_OTB17_I03"},
      { "name": "DAR_PW_BU2_OTB17_I04"},
      { "name": "DAR_PW_BU2_OTB17_I05"},
      { "name": "DAR_PW_BU2_OTB17_I06"},
      { "name": "DAR_PW_BU2_OTB17_I07"},
      { "name": "DAR_PW_BU2_OTB17_I08"},
      { "name": "DAR_PW_BU2_OTB17_I09"},
      { "name": "DAR_PW_BU2_OTB17_I10"},
      { "name": "DAR_PW_BU2_OTB17_I11"},
      { "name": "DAR_PW_BU2_OTB18_I00"},
      { "name": "DAR_PW_BU2_OTB18_I01"},
      { "name": "DAR_PW_BU2_OTB18_I02"},
      { "name": "DAR_PW_BU2_OTB18_I03"},
      { "name": "DAR_PW_BU2_OTB18_I04"},
      { "name": "DAR_PW_BU2_OTB18_I05"},
      { "name": "DAR_PW_BU2_OTB18_I06"},
      { "name": "DAR_PW_BU2_OTB18_I07"},
      { "name": "DAR_PW_BU2_OTB18_I08"},
      { "name": "DAR_PW_BU2_OTB18_I09"},
      { "name": "DAR_PW_BU2_OTB18_I10"},
      { "name": "DAR_PW_BU2_OTB18_I11"}
    ],
    "controls": []
  },
  {
    "name": "DAR_PW_AT1",
    "description": "ATS1 switchboard",
    "type" : "unit",
    "parentID": 4,
    "channels": [
      { "name": "DAR_PW_AT1_PM201_Hour"},
      { "name": "DAR_PW_AT1_PM201_Min"},
      { "name": "DAR_PW_AT1_PM201_AmpA"},
      { "name": "DAR_PW_AT1_PM201_AmpB"},
      { "name": "DAR_PW_AT1_PM201_AmpC"},
      { "name": "DAR_PW_AT1_PM201_AmpN"},
      { "name": "DAR_PW_AT1_PM201_VoltAB"},
      { "name": "DAR_PW_AT1_PM201_VoltBC"},
      { "name": "DAR_PW_AT1_PM201_VoltCN"},
      { "name": "DAR_PW_AT1_PM201_VoltAN"},
      { "name": "DAR_PW_AT1_PM201_VoltBN"},
      { "name": "DAR_PW_AT1_PM201_VoltCN"},
      { "name": "DAR_PW_AT1_PM201_pfA"},
      { "name": "DAR_PW_AT1_PM201_pfB"},
      { "name": "DAR_PW_AT1_PM201_pfC"},
      { "name": "DAR_PW_AT1_PM201_pf"},
      { "name": "DAR_PW_AT1_PM201_DmdLastAmp"},
      { "name": "DAR_PW_AT1_PM201_DmdLastkW"},
      { "name": "DAR_PW_AT1_PM201_DmdLastkVAr"},
      { "name": "DAR_PW_AT1_PM201_DmdLastkVA"},
      { "name": "DAR_PW_AT1_PM201_kWhIn"},
      { "name": "DAR_PW_AT1_PM201_kVArhIn"},
      { "name": "DAR_PW_AT1_PM201_kWhOut"},
      { "name": "DAR_PW_AT1_PM201_kVArhOut"},
      { "name": "DAR_PW_AT1_PM201_kVAhTotal"},
      { "name": "DAR_PW_AT1_PM201_pfTotal"},
      { "name": "DAR_PW_AT1_PM201_DmdkW"},
      { "name": "DAR_PW_AT1_PM201_DmdkVA"},
      { "name": "DAR_PW_AT1_PM112_Hour"},
      { "name": "DAR_PW_AT1_PM112_Min"},
      { "name": "DAR_PW_AT1_PM112_kWh"},
      { "name": "DAR_PW_AT1_PM112_kW"},
      { "name": "DAR_PW_AT1_PM112_kVA"},
      { "name": "DAR_PW_AT1_PM112_Hz"},
      { "name": "DAR_PW_AT1_PM112_I1"},
      { "name": "DAR_PW_AT1_PM112_I2"},
      { "name": "DAR_PW_AT1_PM112_I3"},
      { "name": "DAR_PW_AT1_PM112_In"},
      { "name": "DAR_PW_AT1_PM112_V12"},
      { "name": "DAR_PW_AT1_PM112_V23"},
      { "name": "DAR_PW_AT1_PM112_V31"},
      { "name": "DAR_PW_AT1_PM112_V1"},
      { "name": "DAR_PW_AT1_PM112_V2"},
      { "name": "DAR_PW_AT1_PM112_V3"},
      { "name": "DAR_PW_AT1_PM112_kW1"},
      { "name": "DAR_PW_AT1_PM112_kW2"},
      { "name": "DAR_PW_AT1_PM112_kW3"},
      { "name": "DAR_PW_AT1_PM112_kVA1"},
      { "name": "DAR_PW_AT1_PM112_kVA2"},
      { "name": "DAR_PW_AT1_PM112_kVA3"},
      { "name": "DAR_PW_AT1_PM112_THDI1"},
      { "name": "DAR_PW_AT1_PM112_THDI2"},
      { "name": "DAR_PW_AT1_PM112_THDI3"},
      { "name": "DAR_PW_AT1_PM112_THDV1"},
      { "name": "DAR_PW_AT1_PM112_THDV2"},
      { "name": "DAR_PW_AT1_PM112_THDV3"},
      { "name": "DAR_PW_AT1_PM112_THDV12"},
      { "name": "DAR_PW_AT1_PM112_THDV23"},
      { "name": "DAR_PW_AT1_PM112_THDV31"},
      { "name": "DAR_PW_AT1_OTB15_I00"},
      { "name": "DAR_PW_AT1_OTB15_I01"},
      { "name": "DAR_PW_AT1_OTB15_I02"},
      { "name": "DAR_PW_AT1_OTB15_I03"},
      { "name": "DAR_PW_AT1_OTB15_I04"},
      { "name": "DAR_PW_AT1_OTB15_I05"},
      { "name": "DAR_PW_AT1_OTB15_I06"},
      { "name": "DAR_PW_AT1_OTB15_I07"},
      { "name": "DAR_PW_AT1_OTB15_I08"},
      { "name": "DAR_PW_AT1_OTB15_I09"},
      { "name": "DAR_PW_AT1_OTB15_I10"},
      { "name": "DAR_PW_AT1_OTB15_I11"},
      { "name": "DAR_PW_AT1_BCM01_GFProt"},
      { "name": "DAR_PW_AT1_BCM01_ELProt"},
      { "name": "DAR_PW_AT1_BCM01_IntFailTemp"},
      { "name": "DAR_PW_AT1_BCM01_IntFailOV"},
      { "name": "DAR_PW_AT1_BCM01_AmpUnbal"},
      { "name": "DAR_PW_AT1_BCM01_OC1"},
      { "name": "DAR_PW_AT1_BCM01_OC2"},
      { "name": "DAR_PW_AT1_BCM01_OC3"},
      { "name": "DAR_PW_AT1_BCM01_OCN"},
      { "name": "DAR_PW_AT1_BCM01_UV"},
      { "name": "DAR_PW_AT1_BCM01_OV"},
      { "name": "DAR_PW_AT1_BCM01_VoltUnbal"},
      { "name": "DAR_PW_AT1_BCM01_UF"},
      { "name": "DAR_PW_AT1_BCM01_OF"},
      { "name": "DAR_PW_AT1_BCM01_PhRotate"},
      { "name": "DAR_PW_AT1_BCM01_CBSts"},
      { "name": "DAR_PW_AT1_BCM01_CBTrip"},
      { "name": "DAR_PW_AT1_BCM02_GFProt"},
      { "name": "DAR_PW_AT1_BCM02_ELProt"},
      { "name": "DAR_PW_AT1_BCM02_IntFailTemp"},
      { "name": "DAR_PW_AT1_BCM02_IntFailOV"},
      { "name": "DAR_PW_AT1_BCM02_AmpUnbal"},
      { "name": "DAR_PW_AT1_BCM02_OC1"},
      { "name": "DAR_PW_AT1_BCM02_OC2"},
      { "name": "DAR_PW_AT1_BCM02_OC3"},
      { "name": "DAR_PW_AT1_BCM02_OCN"},
      { "name": "DAR_PW_AT1_BCM02_UV"},
      { "name": "DAR_PW_AT1_BCM02_OV"},
      { "name": "DAR_PW_AT1_BCM02_VoltUnbal"},
      { "name": "DAR_PW_AT1_BCM02_UF"},
      { "name": "DAR_PW_AT1_BCM02_OF"},
      { "name": "DAR_PW_AT1_BCM02_PhRotate"},
      { "name": "DAR_PW_AT1_BCM02_CBSts"},
      { "name": "DAR_PW_AT1_BCM02_CBTrip"}
    ],
    "controls": []
  },
  {
    "name": "DAR_PW_AT2",
    "description": "ATS2 switchboard",
    "type" : "unit",
    "parentID": 4,
    "channels": [
      { "name": "DAR_PW_AT2_PM202_Hour"},
      { "name": "DAR_PW_AT2_PM202_Min"},
      { "name": "DAR_PW_AT2_PM202_AmpA"},
      { "name": "DAR_PW_AT2_PM202_AmpB"},
      { "name": "DAR_PW_AT2_PM202_AmpC"},
      { "name": "DAR_PW_AT2_PM202_AmpN"},
      { "name": "DAR_PW_AT2_PM202_VoltAB"},
      { "name": "DAR_PW_AT2_PM202_VoltBC"},
      { "name": "DAR_PW_AT2_PM202_VoltCN"},
      { "name": "DAR_PW_AT2_PM202_VoltAN"},
      { "name": "DAR_PW_AT2_PM202_VoltBN"},
      { "name": "DAR_PW_AT2_PM202_VoltCN"},
      { "name": "DAR_PW_AT2_PM202_pfA"},
      { "name": "DAR_PW_AT2_PM202_pfB"},
      { "name": "DAR_PW_AT2_PM202_pfC"},
      { "name": "DAR_PW_AT2_PM202_pf"},
      { "name": "DAR_PW_AT2_PM202_DmdLastAmp"},
      { "name": "DAR_PW_AT2_PM202_DmdLastkW"},
      { "name": "DAR_PW_AT2_PM202_DmdLastkVAr"},
      { "name": "DAR_PW_AT2_PM202_DmdLastkVA"},
      { "name": "DAR_PW_AT2_PM202_kWhIn"},
      { "name": "DAR_PW_AT2_PM202_kVArhIn"},
      { "name": "DAR_PW_AT2_PM202_kWhOut"},
      { "name": "DAR_PW_AT2_PM202_kVArhOut"},
      { "name": "DAR_PW_AT2_PM202_kVAhTotal"},
      { "name": "DAR_PW_AT2_PM202_pfTotal"},
      { "name": "DAR_PW_AT2_PM202_DmdkW"},
      { "name": "DAR_PW_AT2_PM202_DmdkVA"},
      { "name": "DAR_PW_AT2_PM113_Hour"},
      { "name": "DAR_PW_AT2_PM113_Min"},
      { "name": "DAR_PW_AT2_PM113_kWh"},
      { "name": "DAR_PW_AT2_PM113_kW"},
      { "name": "DAR_PW_AT2_PM113_kVA"},
      { "name": "DAR_PW_AT2_PM113_Hz"},
      { "name": "DAR_PW_AT2_PM113_I1"},
      { "name": "DAR_PW_AT2_PM113_I2"},
      { "name": "DAR_PW_AT2_PM113_I3"},
      { "name": "DAR_PW_AT2_PM113_In"},
      { "name": "DAR_PW_AT2_PM113_V12"},
      { "name": "DAR_PW_AT2_PM113_V23"},
      { "name": "DAR_PW_AT2_PM113_V31"},
      { "name": "DAR_PW_AT2_PM113_V1"},
      { "name": "DAR_PW_AT2_PM113_V2"},
      { "name": "DAR_PW_AT2_PM113_V3"},
      { "name": "DAR_PW_AT2_PM113_kW1"},
      { "name": "DAR_PW_AT2_PM113_kW2"},
      { "name": "DAR_PW_AT2_PM113_kW3"},
      { "name": "DAR_PW_AT2_PM113_kVA1"},
      { "name": "DAR_PW_AT2_PM113_kVA2"},
      { "name": "DAR_PW_AT2_PM113_kVA3"},
      { "name": "DAR_PW_AT2_PM113_THDI1"},
      { "name": "DAR_PW_AT2_PM113_THDI2"},
      { "name": "DAR_PW_AT2_PM113_THDI3"},
      { "name": "DAR_PW_AT2_PM113_THDV1"},
      { "name": "DAR_PW_AT2_PM113_THDV2"},
      { "name": "DAR_PW_AT2_PM113_THDV3"},
      { "name": "DAR_PW_AT2_PM113_THDV12"},
      { "name": "DAR_PW_AT2_PM113_THDV23"},
      { "name": "DAR_PW_AT2_PM113_THDV31"},
      { "name": "DAR_PW_AT2_OTB16_I00"},
      { "name": "DAR_PW_AT2_OTB16_I01"},
      { "name": "DAR_PW_AT2_OTB16_I02"},
      { "name": "DAR_PW_AT2_OTB16_I03"},
      { "name": "DAR_PW_AT2_OTB16_I04"},
      { "name": "DAR_PW_AT2_OTB16_I05"},
      { "name": "DAR_PW_AT2_OTB16_I06"},
      { "name": "DAR_PW_AT2_OTB16_I07"},
      { "name": "DAR_PW_AT2_OTB16_I08"},
      { "name": "DAR_PW_AT2_OTB16_I09"},
      { "name": "DAR_PW_AT2_OTB16_I10"},
      { "name": "DAR_PW_AT2_OTB16_I11"},
      { "name": "DAR_PW_AT2_BCM03_GFProt"},
      { "name": "DAR_PW_AT2_BCM03_ELProt"},
      { "name": "DAR_PW_AT2_BCM03_IntFailTemp"},
      { "name": "DAR_PW_AT2_BCM03_IntFailOV"},
      { "name": "DAR_PW_AT2_BCM03_AmpUnbal"},
      { "name": "DAR_PW_AT2_BCM03_OC1"},
      { "name": "DAR_PW_AT2_BCM03_OC2"},
      { "name": "DAR_PW_AT2_BCM03_OC3"},
      { "name": "DAR_PW_AT2_BCM03_OCN"},
      { "name": "DAR_PW_AT2_BCM03_UV"},
      { "name": "DAR_PW_AT2_BCM03_OV"},
      { "name": "DAR_PW_AT2_BCM03_VoltUnbal"},
      { "name": "DAR_PW_AT2_BCM03_UF"},
      { "name": "DAR_PW_AT2_BCM03_OF"},
      { "name": "DAR_PW_AT2_BCM03_PhRotate"},
      { "name": "DAR_PW_AT2_BCM03_CBSts"},
      { "name": "DAR_PW_AT2_BCM03_CBTrip"},
      { "name": "DAR_PW_AT2_BCM04_GFProt"},
      { "name": "DAR_PW_AT2_BCM04_ELProt"},
      { "name": "DAR_PW_AT2_BCM04_IntFailTemp"},
      { "name": "DAR_PW_AT2_BCM04_IntFailOV"},
      { "name": "DAR_PW_AT2_BCM04_AmpUnbal"},
      { "name": "DAR_PW_AT2_BCM04_OC1"},
      { "name": "DAR_PW_AT2_BCM04_OC2"},
      { "name": "DAR_PW_AT2_BCM04_OC3"},
      { "name": "DAR_PW_AT2_BCM04_OCN"},
      { "name": "DAR_PW_AT2_BCM04_UV"},
      { "name": "DAR_PW_AT2_BCM04_OV"},
      { "name": "DAR_PW_AT2_BCM04_VoltUnbal"},
      { "name": "DAR_PW_AT2_BCM04_UF"},
      { "name": "DAR_PW_AT2_BCM04_OF"},
      { "name": "DAR_PW_AT2_BCM04_PhRotate"},
      { "name": "DAR_PW_AT2_BCM04_CBSts"},
      { "name": "DAR_PW_AT2_BCM04_CBTrip"}
    ],
    "controls": []
  },
  {
    "name": "DAR_PW_TC1",
    "description": "TCM switchboard",
    "type" : "unit",
    "parentID": 4,
    "channels": [
      { "name": "DAR_PW_TC1_OTB19_I00"},
      { "name": "DAR_PW_TC1_OTB19_I01"},
      { "name": "DAR_PW_TC1_OTB19_I02"},
      { "name": "DAR_PW_TC1_OTB19_I03"},
      { "name": "DAR_PW_TC1_OTB19_I04"},
      { "name": "DAR_PW_TC1_OTB19_I05"},
      { "name": "DAR_PW_TC1_OTB19_I06"},
      { "name": "DAR_PW_TC1_OTB19_I07"},
      { "name": "DAR_PW_TC1_OTB19_I08"},
      { "name": "DAR_PW_TC1_OTB19_I09"},
      { "name": "DAR_PW_TC1_OTB19_I10"},
      { "name": "DAR_PW_TC1_OTB19_I11"},
      { "name": "DAR_PW_TC1_OTB20_I00"},
      { "name": "DAR_PW_TC1_OTB20_I01"},
      { "name": "DAR_PW_TC1_OTB20_I02"},
      { "name": "DAR_PW_TC1_OTB20_I03"},
      { "name": "DAR_PW_TC1_OTB20_I04"},
      { "name": "DAR_PW_TC1_OTB20_I05"},
      { "name": "DAR_PW_TC1_OTB20_I06"},
      { "name": "DAR_PW_TC1_OTB20_I07"},
      { "name": "DAR_PW_TC1_OTB20_I08"},
      { "name": "DAR_PW_TC1_OTB20_I09"},
      { "name": "DAR_PW_TC1_OTB20_I10"},
      { "name": "DAR_PW_TC1_OTB20_I11"},
      { "name": "DAR_PW_TC1_PM115_Hour"},
      { "name": "DAR_PW_TC1_PM115_Min"},
      { "name": "DAR_PW_TC1_PM115_kWh"},
      { "name": "DAR_PW_TC1_PM115_kW"},
      { "name": "DAR_PW_TC1_PM115_kVA"},
      { "name": "DAR_PW_TC1_PM115_Hz"},
      { "name": "DAR_PW_TC1_PM115_I1"},
      { "name": "DAR_PW_TC1_PM115_I2"},
      { "name": "DAR_PW_TC1_PM115_I3"},
      { "name": "DAR_PW_TC1_PM115_In"},
      { "name": "DAR_PW_TC1_PM115_V12"},
      { "name": "DAR_PW_TC1_PM115_V23"},
      { "name": "DAR_PW_TC1_PM115_V31"},
      { "name": "DAR_PW_TC1_PM115_V1"},
      { "name": "DAR_PW_TC1_PM115_V2"},
      { "name": "DAR_PW_TC1_PM115_V3"},
      { "name": "DAR_PW_TC1_PM115_kW1"},
      { "name": "DAR_PW_TC1_PM115_kW2"},
      { "name": "DAR_PW_TC1_PM115_kW3"},
      { "name": "DAR_PW_TC1_PM115_kVA1"},
      { "name": "DAR_PW_TC1_PM115_kVA2"},
      { "name": "DAR_PW_TC1_PM115_kVA3"},
      { "name": "DAR_PW_TC1_PM115_THDI1"},
      { "name": "DAR_PW_TC1_PM115_THDI2"},
      { "name": "DAR_PW_TC1_PM115_THDI3"},
      { "name": "DAR_PW_TC1_PM115_THDV1"},
      { "name": "DAR_PW_TC1_PM115_THDV2"},
      { "name": "DAR_PW_TC1_PM115_THDV3"},
      { "name": "DAR_PW_TC1_PM115_THDV12"},
      { "name": "DAR_PW_TC1_PM115_THDV23"},
      { "name": "DAR_PW_TC1_PM115_THDV31"},
      { "name": "DAR_PW_TC1_PM116_Hour"},
      { "name": "DAR_PW_TC1_PM116_Min"},
      { "name": "DAR_PW_TC1_PM116_kWh"},
      { "name": "DAR_PW_TC1_PM116_kW"},
      { "name": "DAR_PW_TC1_PM116_kVA"},
      { "name": "DAR_PW_TC1_PM116_Hz"},
      { "name": "DAR_PW_TC1_PM116_I1"},
      { "name": "DAR_PW_TC1_PM116_I2"},
      { "name": "DAR_PW_TC1_PM116_I3"},
      { "name": "DAR_PW_TC1_PM116_In"},
      { "name": "DAR_PW_TC1_PM116_V12"},
      { "name": "DAR_PW_TC1_PM116_V23"},
      { "name": "DAR_PW_TC1_PM116_V31"},
      { "name": "DAR_PW_TC1_PM116_V1"},
      { "name": "DAR_PW_TC1_PM116_V2"},
      { "name": "DAR_PW_TC1_PM116_V3"},
      { "name": "DAR_PW_TC1_PM116_kW1"},
      { "name": "DAR_PW_TC1_PM116_kW2"},
      { "name": "DAR_PW_TC1_PM116_kW3"},
      { "name": "DAR_PW_TC1_PM116_kVA1"},
      { "name": "DAR_PW_TC1_PM116_kVA2"},
      { "name": "DAR_PW_TC1_PM116_kVA3"},
      { "name": "DAR_PW_TC1_PM116_THDI1"},
      { "name": "DAR_PW_TC1_PM116_THDI2"},
      { "name": "DAR_PW_TC1_PM116_THDI3"},
      { "name": "DAR_PW_TC1_PM116_THDV1"},
      { "name": "DAR_PW_TC1_PM116_THDV2"},
      { "name": "DAR_PW_TC1_PM116_THDV3"},
      { "name": "DAR_PW_TC1_PM116_THDV12"},
      { "name": "DAR_PW_TC1_PM116_THDV23"},
      { "name": "DAR_PW_TC1_PM116_THDV31"}
    ],
    "controls": []
  },
  {
    "name": "DAR_PW_UP2",
    "description": "UPSDB2 switchboard",
    "type" : "unit",
    "parentID": 4,
    "channels": [
      { "name": "DAR_PW_UP2_PM110_Hour"},
      { "name": "DAR_PW_UP2_PM110_Min"},
      { "name": "DAR_PW_UP2_PM110_kWh"},
      { "name": "DAR_PW_UP2_PM110_kW"},
      { "name": "DAR_PW_UP2_PM110_kVA"},
      { "name": "DAR_PW_UP2_PM110_Hz"},
      { "name": "DAR_PW_UP2_PM110_I1"},
      { "name": "DAR_PW_UP2_PM110_I2"},
      { "name": "DAR_PW_UP2_PM110_I3"},
      { "name": "DAR_PW_UP2_PM110_In"},
      { "name": "DAR_PW_UP2_PM110_V12"},
      { "name": "DAR_PW_UP2_PM110_V23"},
      { "name": "DAR_PW_UP2_PM110_V31"},
      { "name": "DAR_PW_UP2_PM110_V1"},
      { "name": "DAR_PW_UP2_PM110_V2"},
      { "name": "DAR_PW_UP2_PM110_V3"},
      { "name": "DAR_PW_UP2_PM110_kW1"},
      { "name": "DAR_PW_UP2_PM110_kW2"},
      { "name": "DAR_PW_UP2_PM110_kW3"},
      { "name": "DAR_PW_UP2_PM110_kVA1"},
      { "name": "DAR_PW_UP2_PM110_kVA2"},
      { "name": "DAR_PW_UP2_PM110_kVA3"},
      { "name": "DAR_PW_UP2_PM110_THDI1"},
      { "name": "DAR_PW_UP2_PM110_THDI2"},
      { "name": "DAR_PW_UP2_PM110_THDI3"},
      { "name": "DAR_PW_UP2_PM110_THDV1"},
      { "name": "DAR_PW_UP2_PM110_THDV2"},
      { "name": "DAR_PW_UP2_PM110_THDV3"},
      { "name": "DAR_PW_UP2_PM110_THDV12"},
      { "name": "DAR_PW_UP2_PM110_THDV23"},
      { "name": "DAR_PW_UP2_PM110_THDV31"},
      { "name": "DAR_PW_UP2_OTB12_I00"},
      { "name": "DAR_PW_UP2_OTB12_I01"},
      { "name": "DAR_PW_UP2_OTB12_I02"},
      { "name": "DAR_PW_UP2_OTB12_I03"},
      { "name": "DAR_PW_UP2_OTB12_I04"},
      { "name": "DAR_PW_UP2_OTB12_I05"},
      { "name": "DAR_PW_UP2_OTB12_I06"},
      { "name": "DAR_PW_UP2_OTB12_I07"},
      { "name": "DAR_PW_UP2_OTB12_I08"},
      { "name": "DAR_PW_UP2_OTB12_I09"},
      { "name": "DAR_PW_UP2_OTB12_I10"},
      { "name": "DAR_PW_UP2_OTB12_I11"}
    ],
    "controls": []
  },
  {
    "name": "DAR_PW_AC1",
    "description": "ACDB1 switchboard",
    "type" : "unit",
    "parentID": 4,
    "channels": [
      { "name": "DAR_PW_AC1_PM107_Hour"},
      { "name": "DAR_PW_AC1_PM107_Min"},
      { "name": "DAR_PW_AC1_PM107_kWh"},
      { "name": "DAR_PW_AC1_PM107_kW"},
      { "name": "DAR_PW_AC1_PM107_kVA"},
      { "name": "DAR_PW_AC1_PM107_Hz"},
      { "name": "DAR_PW_AC1_PM107_I1"},
      { "name": "DAR_PW_AC1_PM107_I2"},
      { "name": "DAR_PW_AC1_PM107_I3"},
      { "name": "DAR_PW_AC1_PM107_In"},
      { "name": "DAR_PW_AC1_PM107_V12"},
      { "name": "DAR_PW_AC1_PM107_V23"},
      { "name": "DAR_PW_AC1_PM107_V31"},
      { "name": "DAR_PW_AC1_PM107_V1"},
      { "name": "DAR_PW_AC1_PM107_V2"},
      { "name": "DAR_PW_AC1_PM107_V3"},
      { "name": "DAR_PW_AC1_PM107_kW1"},
      { "name": "DAR_PW_AC1_PM107_kW2"},
      { "name": "DAR_PW_AC1_PM107_kW3"},
      { "name": "DAR_PW_AC1_PM107_kVA1"},
      { "name": "DAR_PW_AC1_PM107_kVA2"},
      { "name": "DAR_PW_AC1_PM107_kVA3"},
      { "name": "DAR_PW_AC1_PM107_THDI1"},
      { "name": "DAR_PW_AC1_PM107_THDI2"},
      { "name": "DAR_PW_AC1_PM107_THDI3"},
      { "name": "DAR_PW_AC1_PM107_THDV1"},
      { "name": "DAR_PW_AC1_PM107_THDV2"},
      { "name": "DAR_PW_AC1_PM107_THDV3"},
      { "name": "DAR_PW_AC1_PM107_THDV12"},
      { "name": "DAR_PW_AC1_PM107_THDV23"},
      { "name": "DAR_PW_AC1_PM107_THDV31"},
      { "name": "DAR_PW_AC1_OTB05_I00"},
      { "name": "DAR_PW_AC1_OTB05_I01"},
      { "name": "DAR_PW_AC1_OTB05_I02"},
      { "name": "DAR_PW_AC1_OTB05_I03"},
      { "name": "DAR_PW_AC1_OTB05_I04"},
      { "name": "DAR_PW_AC1_OTB05_I05"},
      { "name": "DAR_PW_AC1_OTB05_I06"},
      { "name": "DAR_PW_AC1_OTB05_I07"},
      { "name": "DAR_PW_AC1_OTB05_I08"},
      { "name": "DAR_PW_AC1_OTB05_I09"},
      { "name": "DAR_PW_AC1_OTB05_I10"},
      { "name": "DAR_PW_AC1_OTB05_I11"}
    ],
    "controls": []
  },
  {
    "name": "DAR_PW_EM1",
    "description": "EMDB1 switchboard",
    "type" : "unit",
    "parentID": 4,
    "channels": [
      { "name": "DAR_PW_EM1_PM108_Hour"},
      { "name": "DAR_PW_EM1_PM108_Min"},
      { "name": "DAR_PW_EM1_PM108_kWh"},
      { "name": "DAR_PW_EM1_PM108_kW"},
      { "name": "DAR_PW_EM1_PM108_kVA"},
      { "name": "DAR_PW_EM1_PM108_Hz"},
      { "name": "DAR_PW_EM1_PM108_I1"},
      { "name": "DAR_PW_EM1_PM108_I2"},
      { "name": "DAR_PW_EM1_PM108_I3"},
      { "name": "DAR_PW_EM1_PM108_In"},
      { "name": "DAR_PW_EM1_PM108_V12"},
      { "name": "DAR_PW_EM1_PM108_V23"},
      { "name": "DAR_PW_EM1_PM108_V31"},
      { "name": "DAR_PW_EM1_PM108_V1"},
      { "name": "DAR_PW_EM1_PM108_V2"},
      { "name": "DAR_PW_EM1_PM108_V3"},
      { "name": "DAR_PW_EM1_PM108_kW1"},
      { "name": "DAR_PW_EM1_PM108_kW2"},
      { "name": "DAR_PW_EM1_PM108_kW3"},
      { "name": "DAR_PW_EM1_PM108_kVA1"},
      { "name": "DAR_PW_EM1_PM108_kVA2"},
      { "name": "DAR_PW_EM1_PM108_kVA3"},
      { "name": "DAR_PW_EM1_PM108_THDI1"},
      { "name": "DAR_PW_EM1_PM108_THDI2"},
      { "name": "DAR_PW_EM1_PM108_THDI3"},
      { "name": "DAR_PW_EM1_PM108_THDV1"},
      { "name": "DAR_PW_EM1_PM108_THDV2"},
      { "name": "DAR_PW_EM1_PM108_THDV3"},
      { "name": "DAR_PW_EM1_PM108_THDV12"},
      { "name": "DAR_PW_EM1_PM108_THDV23"},
      { "name": "DAR_PW_EM1_PM108_THDV31"},
      { "name": "DAR_PW_EM1_OTB08_I00"},
      { "name": "DAR_PW_EM1_OTB08_I01"},
      { "name": "DAR_PW_EM1_OTB08_I02"},
      { "name": "DAR_PW_EM1_OTB08_I03"},
      { "name": "DAR_PW_EM1_OTB08_I04"},
      { "name": "DAR_PW_EM1_OTB08_I05"},
      { "name": "DAR_PW_EM1_OTB08_I06"},
      { "name": "DAR_PW_EM1_OTB08_I07"},
      { "name": "DAR_PW_EM1_OTB08_I08"},
      { "name": "DAR_PW_EM1_OTB08_I09"},
      { "name": "DAR_PW_EM1_OTB08_I10"},
      { "name": "DAR_PW_EM1_OTB08_I11"}
    ],
    "controls": []
  },
  {
    "name": "DAR_PW_EM2",
    "description": "EMDB2 switchboard",
    "type" : "unit",
    "parentID": 4,
    "channels": [
      { "name": "DAR_PW_EM2_PM109_Hour"},
      { "name": "DAR_PW_EM2_PM109_Min"},
      { "name": "DAR_PW_EM2_PM109_kWh"},
      { "name": "DAR_PW_EM2_PM109_kW"},
      { "name": "DAR_PW_EM2_PM109_kVA"},
      { "name": "DAR_PW_EM2_PM109_Hz"},
      { "name": "DAR_PW_EM2_PM109_I1"},
      { "name": "DAR_PW_EM2_PM109_I2"},
      { "name": "DAR_PW_EM2_PM109_I3"},
      { "name": "DAR_PW_EM2_PM109_In"},
      { "name": "DAR_PW_EM2_PM109_V12"},
      { "name": "DAR_PW_EM2_PM109_V23"},
      { "name": "DAR_PW_EM2_PM109_V31"},
      { "name": "DAR_PW_EM2_PM109_V1"},
      { "name": "DAR_PW_EM2_PM109_V2"},
      { "name": "DAR_PW_EM2_PM109_V3"},
      { "name": "DAR_PW_EM2_PM109_kW1"},
      { "name": "DAR_PW_EM2_PM109_kW2"},
      { "name": "DAR_PW_EM2_PM109_kW3"},
      { "name": "DAR_PW_EM2_PM109_kVA1"},
      { "name": "DAR_PW_EM2_PM109_kVA2"},
      { "name": "DAR_PW_EM2_PM109_kVA3"},
      { "name": "DAR_PW_EM2_PM109_THDI1"},
      { "name": "DAR_PW_EM2_PM109_THDI2"},
      { "name": "DAR_PW_EM2_PM109_THDI3"},
      { "name": "DAR_PW_EM2_PM109_THDV1"},
      { "name": "DAR_PW_EM2_PM109_THDV2"},
      { "name": "DAR_PW_EM2_PM109_THDV3"},
      { "name": "DAR_PW_EM2_PM109_THDV12"},
      { "name": "DAR_PW_EM2_PM109_THDV23"},
      { "name": "DAR_PW_EM2_PM109_THDV31"},
      { "name": "DAR_PW_EM2_OTB09_I00"},
      { "name": "DAR_PW_EM2_OTB09_I01"},
      { "name": "DAR_PW_EM2_OTB09_I02"},
      { "name": "DAR_PW_EM2_OTB09_I03"},
      { "name": "DAR_PW_EM2_OTB09_I04"},
      { "name": "DAR_PW_EM2_OTB09_I05"},
      { "name": "DAR_PW_EM2_OTB09_I06"},
      { "name": "DAR_PW_EM2_OTB09_I07"},
      { "name": "DAR_PW_EM2_OTB09_I08"},
      { "name": "DAR_PW_EM2_OTB09_I09"},
      { "name": "DAR_PW_EM2_OTB09_I10"},
      { "name": "DAR_PW_EM2_OTB09_I11"}
    ],
    "controls": []
  },
  {
    "name": "DAR_PW_UD1",
    "description": "UDB1 switchboard",
    "type" : "unit",
    "parentID": 4,
    "channels": [
      { "name": "DAR_PW_UD1_OTB01_I00"},
      { "name": "DAR_PW_UD1_OTB01_I01"},
      { "name": "DAR_PW_UD1_OTB01_I02"},
      { "name": "DAR_PW_UD1_OTB01_I03"},
      { "name": "DAR_PW_UD1_OTB01_I04"},
      { "name": "DAR_PW_UD1_OTB01_I05"},
      { "name": "DAR_PW_UD1_OTB01_I06"},
      { "name": "DAR_PW_UD1_OTB01_I07"},
      { "name": "DAR_PW_UD1_OTB01_I08"},
      { "name": "DAR_PW_UD1_OTB01_I09"},
      { "name": "DAR_PW_UD1_OTB01_I10"},
      { "name": "DAR_PW_UD1_OTB01_I11"},
      { "name": "DAR_PW_UD1_PM101_Hour"},
      { "name": "DAR_PW_UD1_PM101_Min"},
      { "name": "DAR_PW_UD1_PM101_kWh"},
      { "name": "DAR_PW_UD1_PM101_kW"},
      { "name": "DAR_PW_UD1_PM101_kVA"},
      { "name": "DAR_PW_UD1_PM101_Hz"},
      { "name": "DAR_PW_UD1_PM101_I1"},
      { "name": "DAR_PW_UD1_PM101_I2"},
      { "name": "DAR_PW_UD1_PM101_I3"},
      { "name": "DAR_PW_UD1_PM101_In"},
      { "name": "DAR_PW_UD1_PM101_V12"},
      { "name": "DAR_PW_UD1_PM101_V23"},
      { "name": "DAR_PW_UD1_PM101_V31"},
      { "name": "DAR_PW_UD1_PM101_V1"},
      { "name": "DAR_PW_UD1_PM101_V2"},
      { "name": "DAR_PW_UD1_PM101_V3"},
      { "name": "DAR_PW_UD1_PM101_kW1"},
      { "name": "DAR_PW_UD1_PM101_kW2"},
      { "name": "DAR_PW_UD1_PM101_kW3"},
      { "name": "DAR_PW_UD1_PM101_kVA1"},
      { "name": "DAR_PW_UD1_PM101_kVA2"},
      { "name": "DAR_PW_UD1_PM101_kVA3"},
      { "name": "DAR_PW_UD1_PM101_THDI1"},
      { "name": "DAR_PW_UD1_PM101_THDI2"},
      { "name": "DAR_PW_UD1_PM101_THDI3"},
      { "name": "DAR_PW_UD1_PM101_THDV1"},
      { "name": "DAR_PW_UD1_PM101_THDV2"},
      { "name": "DAR_PW_UD1_PM101_THDV3"},
      { "name": "DAR_PW_UD1_PM101_THDV12"},
      { "name": "DAR_PW_UD1_PM101_THDV23"},
      { "name": "DAR_PW_UD1_PM101_THDV31"},
      { "name": "DAR_PW_UD1_PM102_Hour"},
      { "name": "DAR_PW_UD1_PM102_Min"},
      { "name": "DAR_PW_UD1_PM102_kWh"},
      { "name": "DAR_PW_UD1_PM102_kW"},
      { "name": "DAR_PW_UD1_PM102_kVA"},
      { "name": "DAR_PW_UD1_PM102_Hz"},
      { "name": "DAR_PW_UD1_PM102_I1"},
      { "name": "DAR_PW_UD1_PM102_I2"},
      { "name": "DAR_PW_UD1_PM102_I3"},
      { "name": "DAR_PW_UD1_PM102_In"},
      { "name": "DAR_PW_UD1_PM102_V12"},
      { "name": "DAR_PW_UD1_PM102_V23"},
      { "name": "DAR_PW_UD1_PM102_V31"},
      { "name": "DAR_PW_UD1_PM102_V1"},
      { "name": "DAR_PW_UD1_PM102_V2"},
      { "name": "DAR_PW_UD1_PM102_V3"},
      { "name": "DAR_PW_UD1_PM102_kW1"},
      { "name": "DAR_PW_UD1_PM102_kW2"},
      { "name": "DAR_PW_UD1_PM102_kW3"},
      { "name": "DAR_PW_UD1_PM102_kVA1"},
      { "name": "DAR_PW_UD1_PM102_kVA2"},
      { "name": "DAR_PW_UD1_PM102_kVA3"},
      { "name": "DAR_PW_UD1_PM102_THDI1"},
      { "name": "DAR_PW_UD1_PM102_THDI2"},
      { "name": "DAR_PW_UD1_PM102_THDI3"},
      { "name": "DAR_PW_UD1_PM102_THDV1"},
      { "name": "DAR_PW_UD1_PM102_THDV2"},
      { "name": "DAR_PW_UD1_PM102_THDV3"},
      { "name": "DAR_PW_UD1_PM102_THDV12"},
      { "name": "DAR_PW_UD1_PM102_THDV23"},
      { "name": "DAR_PW_UD1_PM102_THDV31"}
    ],
    "controls": []
  },
  {
    "name": "DAR_PW_UD2",
    "description": "UDB2 switchboard",
    "type" : "unit",
    "parentID": 4,
    "channels": [
      { "name": "DAR_PW_UD2_OTB02_I00"},
      { "name": "DAR_PW_UD2_OTB02_I01"},
      { "name": "DAR_PW_UD2_OTB02_I02"},
      { "name": "DAR_PW_UD2_OTB02_I03"},
      { "name": "DAR_PW_UD2_OTB02_I04"},
      { "name": "DAR_PW_UD2_OTB02_I05"},
      { "name": "DAR_PW_UD2_OTB02_I06"},
      { "name": "DAR_PW_UD2_OTB02_I07"},
      { "name": "DAR_PW_UD2_OTB02_I08"},
      { "name": "DAR_PW_UD2_OTB02_I09"},
      { "name": "DAR_PW_UD2_OTB02_I10"},
      { "name": "DAR_PW_UD2_OTB02_I11"},
      { "name": "DAR_PW_UD2_OTB03_I00"},
      { "name": "DAR_PW_UD2_OTB03_I01"},
      { "name": "DAR_PW_UD2_OTB03_I02"},
      { "name": "DAR_PW_UD2_OTB03_I03"},
      { "name": "DAR_PW_UD2_OTB03_I04"},
      { "name": "DAR_PW_UD2_OTB03_I05"},
      { "name": "DAR_PW_UD2_OTB03_I06"},
      { "name": "DAR_PW_UD2_OTB03_I07"},
      { "name": "DAR_PW_UD2_OTB03_I08"},
      { "name": "DAR_PW_UD2_OTB03_I09"},
      { "name": "DAR_PW_UD2_OTB03_I10"},
      { "name": "DAR_PW_UD2_OTB03_I11"},
      { "name": "DAR_PW_UD2_PM103_Hour"},
      { "name": "DAR_PW_UD2_PM103_Min"},
      { "name": "DAR_PW_UD2_PM103_kWh"},
      { "name": "DAR_PW_UD2_PM103_kW"},
      { "name": "DAR_PW_UD2_PM103_kVA"},
      { "name": "DAR_PW_UD2_PM103_Hz"},
      { "name": "DAR_PW_UD2_PM103_I1"},
      { "name": "DAR_PW_UD2_PM103_I2"},
      { "name": "DAR_PW_UD2_PM103_I3"},
      { "name": "DAR_PW_UD2_PM103_In"},
      { "name": "DAR_PW_UD2_PM103_V12"},
      { "name": "DAR_PW_UD2_PM103_V23"},
      { "name": "DAR_PW_UD2_PM103_V31"},
      { "name": "DAR_PW_UD2_PM103_V1"},
      { "name": "DAR_PW_UD2_PM103_V2"},
      { "name": "DAR_PW_UD2_PM103_V3"},
      { "name": "DAR_PW_UD2_PM103_kW1"},
      { "name": "DAR_PW_UD2_PM103_kW2"},
      { "name": "DAR_PW_UD2_PM103_kW3"},
      { "name": "DAR_PW_UD2_PM103_kVA1"},
      { "name": "DAR_PW_UD2_PM103_kVA2"},
      { "name": "DAR_PW_UD2_PM103_kVA3"},
      { "name": "DAR_PW_UD2_PM103_THDI1"},
      { "name": "DAR_PW_UD2_PM103_THDI2"},
      { "name": "DAR_PW_UD2_PM103_THDI3"},
      { "name": "DAR_PW_UD2_PM103_THDV1"},
      { "name": "DAR_PW_UD2_PM103_THDV2"},
      { "name": "DAR_PW_UD2_PM103_THDV3"},
      { "name": "DAR_PW_UD2_PM103_THDV12"},
      { "name": "DAR_PW_UD2_PM103_THDV23"},
      { "name": "DAR_PW_UD2_PM103_THDV31"},
      { "name": "DAR_PW_UD2_PM104_Hour"},
      { "name": "DAR_PW_UD2_PM104_Min"},
      { "name": "DAR_PW_UD2_PM104_kWh"},
      { "name": "DAR_PW_UD2_PM104_kW"},
      { "name": "DAR_PW_UD2_PM104_kVA"},
      { "name": "DAR_PW_UD2_PM104_Hz"},
      { "name": "DAR_PW_UD2_PM104_I1"},
      { "name": "DAR_PW_UD2_PM104_I2"},
      { "name": "DAR_PW_UD2_PM104_I3"},
      { "name": "DAR_PW_UD2_PM104_In"},
      { "name": "DAR_PW_UD2_PM104_V12"},
      { "name": "DAR_PW_UD2_PM104_V23"},
      { "name": "DAR_PW_UD2_PM104_V31"},
      { "name": "DAR_PW_UD2_PM104_V1"},
      { "name": "DAR_PW_UD2_PM104_V2"},
      { "name": "DAR_PW_UD2_PM104_V3"},
      { "name": "DAR_PW_UD2_PM104_kW1"},
      { "name": "DAR_PW_UD2_PM104_kW2"},
      { "name": "DAR_PW_UD2_PM104_kW3"},
      { "name": "DAR_PW_UD2_PM104_kVA1"},
      { "name": "DAR_PW_UD2_PM104_kVA2"},
      { "name": "DAR_PW_UD2_PM104_kVA3"},
      { "name": "DAR_PW_UD2_PM104_THDI1"},
      { "name": "DAR_PW_UD2_PM104_THDI2"},
      { "name": "DAR_PW_UD2_PM104_THDI3"},
      { "name": "DAR_PW_UD2_PM104_THDV1"},
      { "name": "DAR_PW_UD2_PM104_THDV2"},
      { "name": "DAR_PW_UD2_PM104_THDV3"},
      { "name": "DAR_PW_UD2_PM104_THDV12"},
      { "name": "DAR_PW_UD2_PM104_THDV23"},
      { "name": "DAR_PW_UD2_PM104_THDV31"}
    ],
    "controls": []
  },
  {
    "name": "DAR_PW_PU1",
    "description": "PDU1 switchboard",
    "type" : "unit",
    "parentID": 4,
    "channels": [
      { "name": "DAR_PW_PU1_PM105_Hour"},
      { "name": "DAR_PW_PU1_PM105_Min"},
      { "name": "DAR_PW_PU1_PM105_kWh"},
      { "name": "DAR_PW_PU1_PM105_kW"},
      { "name": "DAR_PW_PU1_PM105_kVA"},
      { "name": "DAR_PW_PU1_PM105_Hz"},
      { "name": "DAR_PW_PU1_PM105_I1"},
      { "name": "DAR_PW_PU1_PM105_I2"},
      { "name": "DAR_PW_PU1_PM105_I3"},
      { "name": "DAR_PW_PU1_PM105_In"},
      { "name": "DAR_PW_PU1_PM105_V12"},
      { "name": "DAR_PW_PU1_PM105_V23"},
      { "name": "DAR_PW_PU1_PM105_V31"},
      { "name": "DAR_PW_PU1_PM105_V1"},
      { "name": "DAR_PW_PU1_PM105_V2"},
      { "name": "DAR_PW_PU1_PM105_V3"},
      { "name": "DAR_PW_PU1_PM105_kW1"},
      { "name": "DAR_PW_PU1_PM105_kW2"},
      { "name": "DAR_PW_PU1_PM105_kW3"},
      { "name": "DAR_PW_PU1_PM105_kVA1"},
      { "name": "DAR_PW_PU1_PM105_kVA2"},
      { "name": "DAR_PW_PU1_PM105_kVA3"},
      { "name": "DAR_PW_PU1_PM105_THDI1"},
      { "name": "DAR_PW_PU1_PM105_THDI2"},
      { "name": "DAR_PW_PU1_PM105_THDI3"},
      { "name": "DAR_PW_PU1_PM105_THDV1"},
      { "name": "DAR_PW_PU1_PM105_THDV2"},
      { "name": "DAR_PW_PU1_PM105_THDV3"},
      { "name": "DAR_PW_PU1_PM105_THDV12"},
      { "name": "DAR_PW_PU1_PM105_THDV23"},
      { "name": "DAR_PW_PU1_PM105_THDV31"}
    ],
    "controls": []
  },
  {
    "name": "DAR_PW_PU2",
    "description": "PDU2 switchboard",
    "type" : "unit",
    "parentID": 4,
    "channels": [
      { "name": "DAR_PW_PU2_OTB04_I00"},
      { "name": "DAR_PW_PU2_OTB04_I01"},
      { "name": "DAR_PW_PU2_OTB04_I02"},
      { "name": "DAR_PW_PU2_OTB04_I03"},
      { "name": "DAR_PW_PU2_OTB04_I04"},
      { "name": "DAR_PW_PU2_OTB04_I05"},
      { "name": "DAR_PW_PU2_OTB04_I06"},
      { "name": "DAR_PW_PU2_OTB04_I07"},
      { "name": "DAR_PW_PU2_OTB04_I08"},
      { "name": "DAR_PW_PU2_OTB04_I09"},
      { "name": "DAR_PW_PU2_OTB04_I10"},
      { "name": "DAR_PW_PU2_OTB04_I11"},
      { "name": "DAR_PW_PU2_PM106_Hour"},
      { "name": "DAR_PW_PU2_PM106_Min"},
      { "name": "DAR_PW_PU2_PM106_kWh"},
      { "name": "DAR_PW_PU2_PM106_kW"},
      { "name": "DAR_PW_PU2_PM106_kVA"},
      { "name": "DAR_PW_PU2_PM106_Hz"},
      { "name": "DAR_PW_PU2_PM106_I1"},
      { "name": "DAR_PW_PU2_PM106_I2"},
      { "name": "DAR_PW_PU2_PM106_I3"},
      { "name": "DAR_PW_PU2_PM106_In"},
      { "name": "DAR_PW_PU2_PM106_V12"},
      { "name": "DAR_PW_PU2_PM106_V23"},
      { "name": "DAR_PW_PU2_PM106_V31"},
      { "name": "DAR_PW_PU2_PM106_V1"},
      { "name": "DAR_PW_PU2_PM106_V2"},
      { "name": "DAR_PW_PU2_PM106_V3"},
      { "name": "DAR_PW_PU2_PM106_kW1"},
      { "name": "DAR_PW_PU2_PM106_kW2"},
      { "name": "DAR_PW_PU2_PM106_kW3"},
      { "name": "DAR_PW_PU2_PM106_kVA1"},
      { "name": "DAR_PW_PU2_PM106_kVA2"},
      { "name": "DAR_PW_PU2_PM106_kVA3"},
      { "name": "DAR_PW_PU2_PM106_THDI1"},
      { "name": "DAR_PW_PU2_PM106_THDI2"},
      { "name": "DAR_PW_PU2_PM106_THDI3"},
      { "name": "DAR_PW_PU2_PM106_THDV1"},
      { "name": "DAR_PW_PU2_PM106_THDV2"},
      { "name": "DAR_PW_PU2_PM106_THDV3"},
      { "name": "DAR_PW_PU2_PM106_THDV12"},
      { "name": "DAR_PW_PU2_PM106_THDV23"},
      { "name": "DAR_PW_PU2_PM106_THDV31"}
    ],
    "controls": []
  },
  {
    "name": "DAR_PW_DB1",
    "description": "DCDB1 switchboard",
    "type" : "unit",
    "parentID": 4,
    "channels": [
      { "name": "DAR_PW_DB1_OTB24_I00"},
      { "name": "DAR_PW_DB1_OTB24_I01"},
      { "name": "DAR_PW_DB1_OTB24_I02"},
      { "name": "DAR_PW_DB1_OTB24_I03"},
      { "name": "DAR_PW_DB1_OTB24_I04"},
      { "name": "DAR_PW_DB1_OTB24_I05"},
      { "name": "DAR_PW_DB1_OTB24_I06"},
      { "name": "DAR_PW_DB1_OTB24_I07"},
      { "name": "DAR_PW_DB1_OTB24_I08"},
      { "name": "DAR_PW_DB1_OTB24_I09"},
      { "name": "DAR_PW_DB1_OTB24_I10"},
      { "name": "DAR_PW_DB1_OTB24_I11"}
    ],
    "controls": []
  },
  {
    "name": "DAR_PW_UP1",
    "description": "UPSDB1 switchboard",
    "type" : "unit",
    "parentID": 4,
    "channels": [
      { "name": "DAR_PW_UP1_OTB07_I00"},
      { "name": "DAR_PW_UP1_OTB07_I01"},
      { "name": "DAR_PW_UP1_OTB07_I02"},
      { "name": "DAR_PW_UP1_OTB07_I03"},
      { "name": "DAR_PW_UP1_OTB07_I04"},
      { "name": "DAR_PW_UP1_OTB07_I05"},
      { "name": "DAR_PW_UP1_OTB07_I06"},
      { "name": "DAR_PW_UP1_OTB07_I07"},
      { "name": "DAR_PW_UP1_OTB07_I08"},
      { "name": "DAR_PW_UP1_OTB07_I09"},
      { "name": "DAR_PW_UP1_OTB07_I10"},
      { "name": "DAR_PW_UP1_OTB07_I11"}
    ],
    "controls": []
  },
  {
    "name": "DAR_PW_AC2",
    "description": "ACDB2 switchboard",
    "type" : "unit",
    "parentID": 4,
    "channels": [
      { "name": "DAR_PW_AC2_OTB10_I00"},
      { "name": "DAR_PW_AC2_OTB10_I01"},
      { "name": "DAR_PW_AC2_OTB10_I02"},
      { "name": "DAR_PW_AC2_OTB10_I03"},
      { "name": "DAR_PW_AC2_OTB10_I04"},
      { "name": "DAR_PW_AC2_OTB10_I05"},
      { "name": "DAR_PW_AC2_OTB10_I06"},
      { "name": "DAR_PW_AC2_OTB10_I07"},
      { "name": "DAR_PW_AC2_OTB10_I08"},
      { "name": "DAR_PW_AC2_OTB10_I09"},
      { "name": "DAR_PW_AC2_OTB10_I10"},
      { "name": "DAR_PW_AC2_OTB10_I11"}
    ],
    "controls": []
  },
  {
    "name": "DAR_PW_DB2",
    "description": "DCDB2 switchboard",
    "type" : "unit",
    "parentID": 4,
    "channels": [
      { "name": "DAR_PW_DB2_OTB11_I00"},
      { "name": "DAR_PW_DB2_OTB11_I01"},
      { "name": "DAR_PW_DB2_OTB11_I02"},
      { "name": "DAR_PW_DB2_OTB11_I03"},
      { "name": "DAR_PW_DB2_OTB11_I04"},
      { "name": "DAR_PW_DB2_OTB11_I05"},
      { "name": "DAR_PW_DB2_OTB11_I06"},
      { "name": "DAR_PW_DB2_OTB11_I07"},
      { "name": "DAR_PW_DB2_OTB11_I08"},
      { "name": "DAR_PW_DB2_OTB11_I09"},
      { "name": "DAR_PW_DB2_OTB11_I10"},
      { "name": "DAR_PW_DB2_OTB11_I11"}
    ],
    "controls": []
  },
  {
    "name": "DAR_RE_RE1",
    "description": "Rectifier unit",
    "type" : "unit",
    "parentID": 5,
    "channels": [
      { "name": "DAR_RE_RE1_systemStatusNormal"},
      { "name": "DAR_RE_RE1_systemStatusWarning"},
      { "name": "DAR_RE_RE1_systemStatusCritical"},
      { "name": "DAR_RE_RE1_psBatteryVoltage"},
      { "name": "DAR_RE_RE1_psTotalBatteryCurrent"},
      { "name": "DAR_RE_RE1_psInputLineAVoltage"},
      { "name": "DAR_RE_RE1_psInputLineBVoltage"},
      { "name": "DAR_RE_RE1_psInputLineCVoltage"},
      { "name": "DAR_RE_RE1_psTotalLoadCurrent"}
    ],
    "controls": []
  },
  {
    "name": "DAR_RE_RE2",
    "description": "Rectifier unit",
    "type" : "unit",
    "parentID": 5,
    "channels": [
      { "name": "DAR_RE_RE2_systemStatusNormal"},
      { "name": "DAR_RE_RE2_systemStatusWarning"},
      { "name": "DAR_RE_RE2_systemStatusCritical"},
      { "name": "DAR_RE_RE2_psBatteryVoltage"},
      { "name": "DAR_RE_RE2_psTotalBatteryCurrent"},
      { "name": "DAR_RE_RE2_psInputLineAVoltage"},
      { "name": "DAR_RE_RE2_psInputLineBVoltage"},
      { "name": "DAR_RE_RE2_psInputLineCVoltage"},
      { "name": "DAR_RE_RE2_psTotalLoadCurrent"}
    ],
    "controls": []
  },
  {
    "name": "DAR_RE_RE3",
    "description": "Rectifier unit",
    "type" : "unit",
    "parentID": 5,
    "channels": [
      { "name": "DAR_RE_RE3_systemStatusNormal"},
      { "name": "DAR_RE_RE3_systemStatusWarning"},
      { "name": "DAR_RE_RE3_systemStatusCritical"},
      { "name": "DAR_RE_RE3_psBatteryVoltage"},
      { "name": "DAR_RE_RE3_psTotalBatteryCurrent"},
      { "name": "DAR_RE_RE3_psInputLineAVoltage"},
      { "name": "DAR_RE_RE3_psInputLineBVoltage"},
      { "name": "DAR_RE_RE3_psInputLineCVoltage"},
      { "name": "DAR_RE_RE3_psTotalLoadCurrent"}
    ],
    "controls": []
  },
  {
    "name": "DAR_RE_RE4",
    "description": "Rectifier unit",
    "type" : "unit",
    "parentID": 5,
    "channels": [
      { "name": "DAR_RE_RE4_systemStatusNormal"},
      { "name": "DAR_RE_RE4_systemStatusWarning"},
      { "name": "DAR_RE_RE4_systemStatusCritical"},
      { "name": "DAR_RE_RE4_psBatteryVoltage"},
      { "name": "DAR_RE_RE4_psTotalBatteryCurrent"},
      { "name": "DAR_RE_RE4_psInputLineAVoltage"},
      { "name": "DAR_RE_RE4_psInputLineBVoltage"},
      { "name": "DAR_RE_RE4_psInputLineCVoltage"},
      { "name": "DAR_RE_RE4_psTotalLoadCurrent"}
    ],
    "controls": []
  },
  {
    "name": "DAR_RE_RE5",
    "description": "Rectifier unit",
    "type" : "unit",
    "parentID": 5,
    "channels": [
      { "name": "DAR_RE_RE5_systemStatusNormal"},
      { "name": "DAR_RE_RE5_systemStatusWarning"},
      { "name": "DAR_RE_RE5_systemStatusCritical"},
      { "name": "DAR_RE_RE5_psBatteryVoltage"},
      { "name": "DAR_RE_RE5_psTotalBatteryCurrent"},
      { "name": "DAR_RE_RE5_psInputLineAVoltage"},
      { "name": "DAR_RE_RE5_psInputLineBVoltage"},
      { "name": "DAR_RE_RE5_psInputLineCVoltage"},
      { "name": "DAR_RE_RE5_psTotalLoadCurrent"}
    ],
    "controls": []
  },
  {
    "name": "DAR_RE_RE6",
    "description": "Rectifier unit",
    "type" : "unit",
    "parentID": 5,
    "channels": [
      { "name": "DAR_RE_RE6_systemStatusNormal"},
      { "name": "DAR_RE_RE6_systemStatusWarning"},
      { "name": "DAR_RE_RE6_systemStatusCritical"},
      { "name": "DAR_RE_RE6_psBatteryVoltage"},
      { "name": "DAR_RE_RE6_psTotalBatteryCurrent"},
      { "name": "DAR_RE_RE6_psInputLineAVoltage"},
      { "name": "DAR_RE_RE6_psInputLineBVoltage"},
      { "name": "DAR_RE_RE6_psInputLineCVoltage"},
      { "name": "DAR_RE_RE6_psTotalLoadCurrent"}
    ],
    "controls": []
  },
  {
    "name": "DAR_RE_RE7",
    "description": "Rectifier unit",
    "type" : "unit",
    "parentID": 5,
    "channels": [
      { "name": "DAR_RE_RE7_systemStatusNormal"},
      { "name": "DAR_RE_RE7_systemStatusWarning"},
      { "name": "DAR_RE_RE7_systemStatusCritical"},
      { "name": "DAR_RE_RE7_psBatteryVoltage"},
      { "name": "DAR_RE_RE7_psTotalBatteryCurrent"},
      { "name": "DAR_RE_RE7_psInputLineAVoltage"},
      { "name": "DAR_RE_RE7_psInputLineBVoltage"},
      { "name": "DAR_RE_RE7_psInputLineCVoltage"},
      { "name": "DAR_RE_RE7_psTotalLoadCurrent"}
    ],
    "controls": []
  },
  {
    "name": "DAR_RE_RE8",
    "description": "Rectifier unit",
    "type" : "unit",
    "parentID": 5,
    "channels": [
      { "name": "DAR_RE_RE8_systemStatusNormal"},
      { "name": "DAR_RE_RE8_systemStatusWarning"},
      { "name": "DAR_RE_RE8_systemStatusCritical"},
      { "name": "DAR_RE_RE8_psBatteryVoltage"},
      { "name": "DAR_RE_RE8_psTotalBatteryCurrent"},
      { "name": "DAR_RE_RE8_psInputLineAVoltage"},
      { "name": "DAR_RE_RE8_psInputLineBVoltage"},
      { "name": "DAR_RE_RE8_psInputLineCVoltage"},
      { "name": "DAR_RE_RE8_psTotalLoadCurrent"}
    ],
    "controls": []
  }

]
