id,code,type,name,description,logo,images,open,parentID,sort,unitID
1,CMAS,location,Duy T�n,"Cty CP san xuat nhua Duy Tan -  298 Ho hoc Lam st, Dist. Binh Tan, HCMC, Vietnam",0,home-icon.png,location.png,0,0,1
2,CMAS_UP,system,UPS system,Uninterruptible power supply system,1,ups-icon.png,ups_sld.png,1,1,2
3,CMAS_PW,system,Power switchboard system,Power switchboard system,1,switchboard-icon.png,power-sld.png,1,2,3
4,CMAS_FF,system,Fire fighting system,Fire fighting system,1,fire-icon.png,fire_sld.png,1,3,4
5,CMAS_EV,system,Environmental,Environmental,1,environmental.png,location.png,1,4,5
6,CMAS_AI,system,Air conditioning system,Normal air-conditioning - Indoor,1,air_icon.png,air_sld.png,1,5,6
7,CMAS_LL,system,Liquid leak detection system,Liquid leak detection,1,lld_icon.png,lld_sld.png,1,6,7
8,CMAS_UPS1,unit,UPS 1,Galaxy 3500 10-40kVA,2,ups_icon1.png,ups_img.png,2,7,8
9,CMAS_UPS2,unit,UPS 2,Galaxy 3500 10-40kVA,2,ups_icon1.png,ups_img.png,2,8,9
10,CMAS_UPS3,unit,UPS 3,Galaxy 3500 10-40kVA,2,ups_icon1.png,ups_img.png,2,9,10
11,CMAS_AC1,unit,AC1 Server,Daikin Super Inverter R410A,6,air_icon.png,air_img.png,6,10,11
12,CMAS_AC2,unit,AC2 Server,Daikin Super Inverter R410A,6,air_icon.png,air_img.png,6,11,12
13,CMAS_AC3,unit,AC3 Server,Daikin Super Inverter R410A,6,air_icon.png,air_img.png,6,12,13
14,CMAS_EV_TH,unit,Environmental,Environmental,5,environmental.png,Combinedsensor.jpg,5,13,14
15,CMAS_LL_SI1,unit,Liquid leak detection,Liquid leak detection system,7,lld_icon.png,Liquidleakdetection.jpg,7,14,15
16,CMAS_FF_FM200SV,unit,PYROSHIELD,Fire fighting system,4,fm200-icon.png,fm200.jpg,4,15,16
17,CMAS_PW_DBIT,unit,DB-IT,Power switchboard system,3,switchboard-icon.png,dbit_img.png,3,16,17
18,CMAS_PW_DBIT_DPMA,component,DPMA,Power switchboard system,17,switchboard-icon.png,dbit_img.png,17,17,18
19,CMAS_PW_DBIT_DPMB,component,DPMB,Power switchboard system,17,switchboard-icon.png,dbit_img.png,17,18,19
20,CMAS_PW_DBIT_DPMAC,component,DPMAC,Power switchboard system,17,switchboard-icon.png,dbit_img.png,17,19,20
21,CMAS_PW_PDU,unit,PDU,Power switchboard system,3,switchboard-icon.png,pdu_img.png,3,20,21
