{
  "db": {
    "name": "db",
    "connector": "memory"
  },
  "cmasDatabase": {
    "host": "localhost",
    "port": 3306,
    "database": "cmas",
    "password": "root",
    "name": "cmasDatabase",
    "connector": "mysql",
    "user": "root",
    "multipleStatements": true
  },
  "cmasFiles": {
    "name": "cmasFiles",
    "connector": "loopback-component-storage",
    "provider": "filesystem",
    "root": "./public"
  },
  "emailDs": {
    "name": "emailDs",
    "connector": "mail",
    "transports": [
      {
        "type": "smtp",
        "host": "smtp.gmail.com",
        "secure": true,
        "port": 465,
        "tls": {
          "rejectUnauthorized": false
        },
        "auth": {
          "user": "vominhtan1988@gmail.com",
          "pass": "I don't know"
        }
      }
    ]
  }
}
