{
  "_meta": {
    "sources": [
      "loopback/common/models",
      "loopback/server/models",
      "../common/models",
      "./models"
    ]
  },
  "User": {
    "dataSource": "cmasDatabase",
    "public": false
  },
  "AccessToken": {
    "dataSource": "db",
    "public": false
  },
  "ACL": {
    "dataSource": "db",
    "public": false
  },
  "RoleMapping": {
    "dataSource": "db",
    "public": false
  },
  "Role": {
    "dataSource": "db",
    "public": false
  },
  "CMASRole": {
    "dataSource": "cmasDatabase",
    "public": true
  },
  "Channel": {
    "dataSource": "cmasDatabase",
    "public": true
  },
  "ChannelHistory": {
    "dataSource": "cmasDatabase",
    "public": true
  },
  "Unit": {
    "dataSource": "cmasDatabase",
    "public": true
  },
  "ChannelData": {
    "dataSource": "cmasDatabase",
    "public": true
  },
  "ChannelBuffer": {
    "dataSource": "cmasDatabase",
    "public": true
  },
  "ChannelIssueSnapshot": {
    "dataSource": "cmasDatabase",
    "public": true
  },
  "Permission": {
    "dataSource": "cmasDatabase",
    "public": true
  },
  "RolePermissionMapper": {
    "dataSource": "cmasDatabase",
    "public": false
  },
  "CMASUser": {
    "dataSource": "cmasDatabase",
    "public": true
  },
  "AlarmWatcher": {
    "dataSource": "cmasDatabase",
    "public": true
  },
  "AlarmLog": {
    "dataSource": "cmasDatabase",
    "public": true
  },
  "Location": {
    "dataSource": "cmasDatabase",
    "public": true
  },
  "Activity": {
    "dataSource": "cmasDatabase",
    "public": true
  },
  "Action": {
    "dataSource": "cmasDatabase",
    "public": true
  },
  "File": {
    "dataSource": "cmasFiles",
    "public": true
  },
  "Job": {
    "dataSource": "cmasDatabase",
    "public": true
  },
  "AccessControlLog": {
    "dataSource": "cmasDatabase",
    "public": true
  },
  "Messages": {
    "dataSource": "cmasDatabase",
    "public": false
  },
  "Controllable": {
    "dataSource": "cmasDatabase",
    "public": true
  },
  "EscalationProfile": {
    "dataSource": "cmasDatabase",
    "public": true
  }
}
